hold_cnt_id,match_no,match_date,home,away,home_rate,draw_rate,away_rate
1644,1,2026-08-08,FC東京,町田,28.16,27.43,44.41
1644,2,2026-08-08,Ｃ大阪,岡山,70.42,16.64,12.94
1644,3,2026-08-08,名古屋,清水,58.32,23.44,18.24
1644,4,2026-08-08,福岡,神戸,12.22,16.39,71.39
1644,5,2026-08-08,広島,千葉,78.0,12.07,9.93
1644,6,2026-08-08,柏,水戸,71.58,17.37,11.05
1644,7,2026-08-09,東京Ｖ,川崎Ｆ,18.26,25.15,56.59
1644,8,2026-08-09,長崎,京都,30.59,24.98,44.43
1644,9,2026-08-08,札幌,徳島,55.25,22.67,22.08
1644,10,2026-08-08,藤枝,仙台,20.88,23.58,55.54
1644,11,2026-08-08,八戸,富山,21.08,23.89,55.03
1644,12,2026-08-09,山形,栃木Ｃ,57.97,20.17,21.86
1644,13,2026-08-09,いわき,今治,49.99,23.73,26.28
