state_line,path,exists_now,is_file,is_dir
157,data/raw/totoone/round_1650/full_20260904_192900.json,YES,YES,NO
180,data/players/fansaka_j1_player_power.csv,YES,YES,NO
234,data/j1_stats_2026.csv,YES,YES,NO
235,data/j2_stats_2026.csv,YES,YES,NO
236,data/j3_stats_2026.csv,YES,YES,NO
1132,src/ml/train_score_model.py,NO,NO,NO
1134,src/ml/predict_score_distribution.py,NO,NO,NO
1136,src/evaluation/evaluate_score_calibration.py,NO,NO,NO
1140,src/ml/apply_dixon_coles.py,NO,NO,NO
1142,src/winner/rank_winner_ev.py,NO,NO,NO
1263,data/features/score_training_v1a.csv,YES,YES,NO
1292,data/evaluation/score_model_v1a_walkforward_predictions_2022_2025.csv,YES,YES,NO
1293,data/evaluation/score_model_v1a_walkforward_summary_2022_2025.csv,YES,YES,NO
1294,data/evaluation/score_model_v1a_walkforward_2022_2025.json,YES,YES,NO
1346,data/evaluation/score_model_v1a1_marginal_calibration_2023_2025.csv,YES,YES,NO
1365,data/features/training_dataset_2018_2024.csv,YES,YES,NO
1366,data/features/validation_dataset_2025.csv,YES,YES,NO
1369,data/features/score_training_v1b.csv,YES,YES,NO
1458,data/evaluation/score_model_v1bxg_walkforward_predictions_2022_2025.csv,YES,YES,NO
1459,data/evaluation/score_model_v1bxg_walkforward_summary_2022_2025.csv,YES,YES,NO
1460,data/evaluation/score_model_v1bxg_walkforward_2022_2025.json,YES,YES,NO
1489,data/evaluation/multisource_walk_forward_predictions_2022_2025.csv,YES,YES,NO
1565,data/evaluation/score_model_v1c_meta_ablation_2023_2025.csv,YES,YES,NO
1566,data/evaluation/score_model_v1c_meta_ablation_overall_2023_2025.csv,YES,YES,NO
1627,data/features/footystats_csv_prediction_features_2026.csv,YES,YES,NO
1648,data/features/footystats_csv_prediction_features_2026_redownload_v2.csv,YES,YES,NO
1690,data/evaluation/multisource_walk_forward_predictions_2022_2025.csv,YES,YES,NO
1711,data/predictions/score_model_v1c_stacked_toto1650.csv,YES,YES,NO
1712,data/analysis/toto1650_v1c_top_scores.csv,YES,YES,NO
1713,data/models/score_model_v1c_stacked_toto1650.joblib,YES,YES,NO
1714,data/analysis/toto1650_score_model_v1c_report.json,YES,YES,NO
1984,data/evaluation/draw_structure_v3_continuous_audit_2023_2025.csv,YES,YES,NO
1985,data/analysis/toto1650_draw_structure_v3_continuous_scoring.csv,YES,YES,NO
2189,data/evaluation/fatigue_context_v1_audit_2023_2025.csv,YES,YES,NO
2190,data/evaluation/fatigue_context_v1_summary_2023_2025.csv,YES,YES,NO
2268,data/evaluation/direction_failure_v1_audit_2023_2025.csv,YES,YES,NO
2269,data/evaluation/direction_failure_v1_summary_2023_2025.csv,YES,YES,NO
2270,data/evaluation/direction_failure_v1_threshold_diagnostics_2023_2025.csv,YES,YES,NO
2319,data/analysis/toto1650_raw_vs_v1c_direction_split.csv,YES,YES,NO
2384,data/analysis/toto1650_direction_failure_scoring.csv,YES,YES,NO
2470,data/evaluation/venue_fragility_v1_audit_2023_2025.csv,YES,YES,NO
2471,data/evaluation/venue_fragility_v1_summary_2023_2025.csv,YES,YES,NO
2649,data/evaluation/toto_history_round_structure_audit.csv,YES,YES,NO
2733,data/evaluation/portfolio_oof_clean_matches_2023_2025.csv,YES,YES,NO
2734,data/evaluation/portfolio_oof_clean_rounds_2023_2025.csv,YES,YES,NO
3685,data/features/jleague_pre_match_features_toto1653.csv,YES,YES,NO
3690,data/features/footystats_csv_prediction_features_2026.csv,YES,YES,NO
3692,data/features/footystats_csv_prediction_features_2026_redownload_v2.csv,YES,YES,NO
3699,data/predictions/multisource_premarket_predictions_2026_toto1653.csv,YES,YES,NO
3700,data/models/multisource_premarket_model_2026_toto1653.joblib,YES,YES,NO
3701,data/reports/multisource_premarket_report_2026_toto1653.json,YES,YES,NO
3731,data/current_toto_1653.csv,YES,YES,NO
3762,data/analysis/footystats_1653_v2_core_extracted.csv,YES,YES,NO
3796,data/analysis/toto1653_ai_market_footystats_integrated.csv,YES,YES,NO
4102,data/raw/footystats/round_html/1653/,YES,NO,YES
4106,scripts/fetch_footystats_round_3html_v01.py,YES,YES,NO
4124,scripts/parse_footystats_full_v01.py,YES,YES,NO
4126,data/parsed/footystats/toto1653_no01_full_v01.json,YES,YES,NO
4158,scripts/normalize_footystats_round_v04.py,YES,YES,NO
4160,data/analysis/footystats_toto1653_normalized_v04.csv,YES,YES,NO
4218,scripts/build_footystats_feature_blocks_v01.py,YES,YES,NO
4220,data/analysis/footystats_toto1653_feature_blocks_v01.csv,YES,YES,NO
4284,scripts/build_toto1653_source_disagreement_v01.py,YES,YES,NO
4286,data/analysis/toto1653_source_disagreement_v01.csv,YES,YES,NO
4468,scripts/fetch_football_lab_cbp_leagues_v01.py,YES,YES,NO
4472,data/raw/football_lab/cbp/2026,YES,NO,YES
4540,scripts/normalize_football_lab_team_cbp_v01.py,YES,YES,NO
4544,data/analysis/football_lab_team_cbp_2026_normalized_v01.csv,YES,YES,NO
4598,scripts/build_football_lab_toto1653_features_v01.py,YES,YES,NO
4602,data/analysis/football_lab_toto1653_feature_blocks_v01.csv,YES,YES,NO
4620,scripts/audit_football_lab_semantics_v01.py,YES,YES,NO
4675,scripts/build_football_lab_semantic_v01.py,YES,YES,NO
4679,data/analysis/football_lab_toto1653_semantic_v01.csv,YES,YES,NO
4972,data/analysis/toto1653_semantic_final_comparison_v03.csv,YES,YES,NO
4976,data/analysis/football_lab_toto1653_semantic_v01.csv,YES,YES,NO
4980,scripts/build_cross_source_semantic_v01.py,YES,YES,NO
4984,data/analysis/toto1653_cross_source_semantic_v01.csv,YES,YES,NO
5832,data/raw/jleague/discovery/1653/jleague_toto1653_url_mapping_v03.csv,YES,YES,NO
5847,data/raw/jleague/round_html/1653/,YES,NO,YES
5862,data/raw/jleague/round_html/1653/manifest_v01.csv,YES,YES,NO
5872,data/raw/jleague/round_html/1653/content_audit_v01.csv,YES,YES,NO
5891,data/raw/jleague/round_html/1653/preview_text_audit_v01.csv,YES,YES,NO
5905,data/raw/jleague/round_html/1653/preview_event_candidates_v01.csv,YES,YES,NO
5908,data/raw/jleague/round_html/1653/preview_events_normalized_v01.csv,YES,YES,NO
5923,data/raw/jleague/round_html/1653/jleague_semantic_events_v01.csv,YES,YES,NO
5926,data/analysis/jleague_toto1653_semantic_v01.csv,YES,YES,NO
6061,data/analysis/sportsnavi_toto1653_events_v01.csv,YES,YES,NO
6078,data/analysis/toto1653_jleague_sportsnavi_events_v01.csv,YES,YES,NO
6104,data/analysis/sportsnavi_toto1653_semantic_v01.csv,YES,YES,NO
6213,data/analysis/soccerhihyo_toto1653_predictions_v01.csv,YES,YES,NO
6214,data/analysis/soccerhihyo_toto1653_semantic_v01.csv,YES,YES,NO
6215,data/analysis/toto1653_cross_source_soccerhihyo_v01.csv,YES,YES,NO
6216,data/analysis/toto1653_soccerhihyo_direction_audit_v01.csv,YES,YES,NO
6255,data/analysis/toto1653_all_source_evidence_matrix_v01.csv,YES,YES,NO
6256,data/analysis/toto1653_all_source_warning_profile_v01.csv,YES,YES,NO
6257,data/analysis/toto1653_all_source_research_profile_v01.csv,YES,YES,NO
6258,data/analysis/toto1653_coverage_priority_v01.csv,YES,YES,NO
6259,data/analysis/toto1653_all_source_final_diagnostic_v01.csv,YES,YES,NO
6965,data/evaluation/dominance_weakness_oof_2021_2025_v01.csv,YES,YES,NO
7091,data/evaluation/draw_path_oof_2020_2025_v02.csv,YES,YES,NO
7105,data/evaluation/loss_path_oof_2020_2025_v01.csv,YES,YES,NO
7417,data/config/toto_rounds/1654.csv,YES,YES,NO
7434,scripts/fetch_footystats_round_3html_v02.py,YES,YES,NO
7446,data/raw/footystats/round_html/,YES,NO,YES
7525,data/config/match_karte/match_karte_v1_spec.json,YES,YES,NO
7526,data/config/match_karte/match_karte_v1_blocks.csv,YES,YES,NO
7565,data/config/match_karte/match_karte_v1_source_map.csv,YES,YES,NO
7621,data/config/match_karte/match_karte_v1_freeze.json,YES,YES,NO
7624,data/analysis/match_karte/1654/toto1654_match_karte_v1_staging.csv,YES,YES,NO
7625,data/analysis/match_karte/1654/toto1654_events_v1_staging.csv,YES,YES,NO
7626,data/analysis/match_karte/1654/toto1654_players_v1_staging.csv,YES,YES,NO
7695,data/config/match_karte/toto1654_acquisition_checklist_v1.csv,YES,YES,NO
7696,data/config/match_karte/toto1654_acquisition_checklist_v1.json,YES,YES,NO
7714,scripts/fetch_footystats_round_3html_v02.py,YES,YES,NO
7722,scripts/fetch_footystats_round_3html_v02.py,YES,YES,NO
7722,data/config/toto_rounds/1654.csv,YES,YES,NO
7748,data/analysis/toto1650_score_model_v1c_report.json,YES,YES,NO
7758,data/features/footystats_csv_prediction_features_2026_redownload_v2.csv,YES,YES,NO
7781,data/evaluation/score_model_v1c_stacked_oof_predictions_2023_2025.csv,YES,YES,NO
7782,data/evaluation/score_model_v1c_stacked_oof_meta_coefficients_2023_2025.csv,YES,YES,NO
7783,data/evaluation/score_model_v1c_stacked_oof_regeneration_audit_2023_2025.csv,YES,YES,NO
7817,data/predictions/score_model_v1c_stacked_toto1650.csv,YES,YES,NO
7818,data/predictions/score_model_v1c_stacked_toto1653.csv,YES,YES,NO
7870,data/features/footystats_csv_prediction_features_2026_redownload_v2.csv,YES,YES,NO
7873,data/predictions/score_model_v1c_stacked_toto1650.csv,YES,YES,NO
7927,scripts/parse_footystats_round_full_v02.py,YES,YES,NO
7934,data/parsed/footystats/toto1654_full_v02/,YES,NO,YES
7948,scripts/normalize_footystats_round_v05.py,YES,YES,NO
7951,data/analysis/footystats_toto1654_normalized_v05.csv,YES,YES,NO
7963,scripts/build_footystats_feature_blocks_v02.py,YES,YES,NO
7966,data/analysis/footystats_toto1654_feature_blocks_v02.csv,YES,YES,NO
7977,scripts/build_footystats_feature_semantic_v04.py,YES,YES,NO
7986,data/analysis/footystats_toto1654_feature_semantic_v04.csv,YES,YES,NO
8017,data/features/score_training_v1b.csv,YES,YES,NO
8064,data/features/jleague_pre_match_features_toto1654.csv,YES,YES,NO
8070,data/predictions/multisource_premarket_predictions_2026_toto1654.csv,YES,YES,NO
8071,data/models/multisource_premarket_model_2026_toto1654.joblib,YES,YES,NO
8072,data/reports/multisource_premarket_report_2026_toto1654.json,YES,YES,NO
8083,scripts/build_score_model_v1c_round_v01.py,YES,YES,NO
8096,data/predictions/score_model_v1c_stacked_toto1654.csv,YES,YES,NO
8120,data/analysis/match_karte/1654/toto1654_match_karte_v1_staging.csv,YES,YES,NO
8173,data/features/jleague_pre_match_features_toto1654.csv,YES,YES,NO
8179,data/predictions/multisource_premarket_predictions_2026_toto1654.csv,YES,YES,NO
8180,data/models/multisource_premarket_model_2026_toto1654.joblib,YES,YES,NO
8181,data/reports/multisource_premarket_report_2026_toto1654.json,YES,YES,NO
8192,scripts/build_score_model_v1c_round_v01.py,YES,YES,NO
8217,data/analysis/match_karte/1654/toto1654_match_karte_v1_staging.csv,YES,YES,NO
8261,scripts/simulate_toto_round_v01.py,YES,YES,NO
8262,data/simulations/toto1654_pfinal_100k_v01.csv,YES,YES,NO
8275,scripts/optimize_toto_budget_v01.py,YES,YES,NO
8276,data/analysis/toto1654_budget_optimal_v01.csv,YES,YES,NO
8364,scripts/audit_footystats_1654_raw_inventory_v01.py,YES,YES,NO
8367,data/analysis/footystats_1654_raw_inventory/,YES,NO,YES
8498,data/analysis/footystats_1654_deep/footystats_toto1654_core_profile_v04.csv,YES,YES,NO
8499,data/analysis/footystats_1654_deep/footystats_toto1654_deep_comparison_v01.csv,YES,YES,NO
8500,data/analysis/footystats_1654_deep/footystats_toto1654_prediction_v01.csv,YES,YES,NO
8501,data/analysis/footystats_1654_deep/footystats_toto1654_timing_bins_v01.csv,YES,YES,NO
8502,data/analysis/footystats_1654_deep/footystats_toto1654_sim_input_v01.csv,YES,YES,NO
8503,data/analysis/footystats_1654_deep/footystats_toto1654_sim_input_v03.csv,YES,YES,NO
8643,data/features/jleague_pre_match_features_toto1654.csv,YES,YES,NO
8644,data/features/footystats_csv_prediction_features_2026_redownload_v2.csv,YES,YES,NO
8645,data/predictions/multisource_premarket_predictions_2026_toto1654.csv,YES,YES,NO
8855,data/players/footystats_2026_toto1654_player_strength_v01.csv,YES,YES,NO
8859,data/jleague/2026_27/j123_players_stats_v1.csv,YES,YES,NO
8862,data/players/player_master_seed_1654_overlap_v01.csv,YES,YES,NO
8905,data/players/player_master_footystats_2026_crosswalk_1654_final_v03.csv,YES,YES,NO
8936,data/analysis/match_karte/1654/toto1654_players_v2_staging.csv,YES,YES,NO
8943,scripts/build_team_strength_from_players_v01.py,YES,YES,NO
8944,scripts/build_player_matchup_edges_v01.py,YES,YES,NO
8963,data/predictions/score_model_v1c_stacked_toto1654.csv,YES,YES,NO
8964,data/predictions/toto1654_production_anchor_v01.csv,YES,YES,NO
9002,data/analysis/toto1654_dynamic_exact_v01.csv,YES,YES,NO
9009,data/evaluation/fatigue_context_v1_summary_2023_2025.csv,YES,YES,NO
9010,data/evaluation/fatigue_context_v1_audit_2023_2025.csv,YES,YES,NO
9095,data/analysis/football_lab_toto1654_hotzone_cells_raw_v01.csv,YES,YES,NO
9101,data/analysis/football_lab_toto1654_hotzone_cells_ordinal_v01.csv,YES,YES,NO
9106,data/analysis/football_lab_toto1654_hotzone_cells_normalized_v01.csv,YES,YES,NO
9107,data/analysis/football_lab_toto1654_hotzone_features_v01.csv,YES,YES,NO
9110,data/analysis/toto1654_xi_strength_shadow_v02.csv,YES,YES,NO
9115,data/analysis/toto1654_mc_1m_per_match_pbase_control_v01.csv,YES,YES,NO
9126,data/analysis/toto1654_shadow_signal_v01.csv,YES,YES,NO
9131,data/analysis/toto1654_shadow_signal_audit_v01.csv,YES,YES,NO
9137,data/analysis/toto1654_shadow_pattern_v01.csv,YES,YES,NO
9144,data/analysis/toto1654_shadow_dashboard_v01.csv,YES,YES,NO
9147,data/analysis/toto1654_shadow_dashboard_external_v01.csv,YES,YES,NO
9153,data/analysis/toto1654_shadow_dashboard_external_v02.csv,YES,YES,NO
9160,data/analysis/toto1654_shadow_sensor_matrix_v01.csv,YES,YES,NO
9182,data/analysis/toto1654_9600_purchase_final_v01.csv,YES,YES,NO
9183,data/analysis/toto1654_9600_purchase_final_expanded_96_v01.csv,YES,YES,NO
9184,data/analysis/toto1654_9600_purchase_final_v01.sha256.txt,YES,YES,NO
9197,data/analysis/toto1654_9600_prediction_snapshot_v01.csv,YES,YES,NO
9210,data/analysis/toto1654_paper_evaluation_contract_v01.csv,YES,YES,NO
9224,data/analysis/toto_model_experiment_registry_v01.csv,YES,YES,NO
9236,data/predictions/score_model_v1c_stacked_toto1654.csv,YES,YES,NO
9237,data/predictions/toto1654_production_anchor_v01.csv,YES,YES,NO
9311,data/analysis/toto1654_shadow_probability_transport_contract_v01.csv,YES,YES,NO
9328,data/analysis/toto1654_mc_1m_per_match_shadow_v01.csv,YES,YES,NO
9392,data/analysis/toto1654_9600_prediction_snapshot_v01.csv,YES,YES,NO
9394,data/analysis/toto1654_9600_pure_pbase_expanded_96_v01.csv,YES,YES,NO
9421,data/analysis/toto_longitudinal_evaluation_ledger_v01.csv,YES,YES,NO
9423,data/analysis/toto_model_experiment_registry_v01.csv,YES,YES,NO
9754,data/analysis/toto_longitudinal_evaluation_ledger_v01.csv,YES,YES,NO
9998,docs/TOTO_LABO_EVIDENCE_WARNING_ALLOCATION_SPEC_v01.md,NO,NO,NO
10002,data/analysis/match_karte/1654/toto1654_evidence_warning_allocation_v01.csv,NO,NO,NO
10119,scripts/build_toto_ewa_v02.py,YES,YES,NO
10123,docs/TOTO_LABO_EVIDENCE_WARNING_ALLOCATION_SPEC_v02.md,YES,YES,NO
10127,data/analysis/match_karte/1654/toto1654_evidence_warning_allocation_v02.csv,YES,YES,NO
10315,scripts/build_toto_ewa_v02.py,YES,YES,NO
10316,docs/TOTO_LABO_EVIDENCE_WARNING_ALLOCATION_SPEC_v02.md,YES,YES,NO
10317,data/analysis/match_karte/1654/toto1654_evidence_warning_allocation_v02.csv,YES,YES,NO
10334,data/evaluation/portfolio_oof_clean_matches_2023_2025.csv,YES,YES,NO
10335,data/evaluation/portfolio_oof_clean_rounds_2023_2025.csv,YES,YES,NO
10720,scripts/build_toto_match_audit_v01.py,YES,YES,NO
10733,data/analysis/match_karte/1655/toto1655_data_warning_allocation_audit_v01.csv,YES,YES,NO
10734,data/analysis/match_karte/1655/toto1655_data_warning_allocation_audit_v01.qa.json,YES,YES,NO
10865,scripts/build_toto_match_audit_v01.py,YES,YES,NO
10898,scripts/fetch_footystats_round_3html_v02.py,YES,YES,NO
10899,scripts/parse_footystats_round_full_v02.py,YES,YES,NO
10900,scripts/normalize_footystats_round_v05.py,YES,YES,NO
10901,scripts/build_footystats_feature_blocks_v02.py,YES,YES,NO
10902,scripts/build_footystats_feature_semantic_v04.py,YES,YES,NO
11642,data/analysis/footystats_toto1656_normalized_v05.csv,YES,YES,NO
11643,data/analysis/footystats_toto1656_feature_blocks_v02.csv,YES,YES,NO
11644,data/analysis/footystats_toto1656_feature_semantic_v04.csv,YES,YES,NO
11687,data/analysis/toto1656_match_engine_input_v02.csv,YES,YES,NO
11688,data/analysis/toto1656_match_engine_parameter_matrix_v02.csv,YES,YES,NO
11689,data/analysis/toto1656_match_engine_parameter_readiness_v02.csv,YES,YES,NO
11690,data/analysis/toto1656_match_engine_parameter_contract_v03.csv,YES,YES,NO
11710,data/analysis/football_lab_2026_27_1656_cbp_cells_raw_v01.csv,YES,YES,NO
11711,data/analysis/football_lab_2026_27_1656_cbp_schema_v01.csv,YES,YES,NO
11714,data/analysis/football_lab_2026_27_1656_team_cbp_long_v01.csv,YES,YES,NO
11715,data/analysis/football_lab_2026_27_1656_team_cbp_wide_v01.csv,YES,YES,NO
11716,data/analysis/football_lab_2026_27_1656_player_cbp_top30_long_v01.csv,YES,YES,NO
11717,data/analysis/football_lab_toto1656_team_cbp_v01.csv,YES,YES,NO
11718,data/analysis/football_lab_toto1656_feature_blocks_raw_v01.csv,YES,YES,NO
11719,data/analysis/football_lab_toto1656_team_semantic_z_v01.csv,YES,YES,NO
11720,data/analysis/football_lab_toto1656_matchup_matrix_v01.csv,YES,YES,NO
11740,data/analysis/toto1656_match_engine_input_v01.csv,YES,YES,NO
11780,data/analysis/score_state_lookup_v01.csv,YES,YES,NO
11819,data/analysis/toto1656_dynamic_sim_input_v01.csv,YES,YES,NO
11820,data/analysis/toto1656_dynamic_sim_input_v02_timing.csv,YES,YES,NO
11821,data/analysis/toto1656_dynamic_exact_control_v01.csv,YES,YES,NO
11822,data/analysis/toto1656_dynamic_score_distribution_control_v01.csv,YES,YES,NO
11851,data/simulations/toto1656_dynamic_mc_control_10k_v01.csv,YES,YES,NO
11870,data/simulations/toto1656_minute_matchflow_control_10k_v01.csv,YES,YES,NO
11871,data/simulations/toto1656_minute_matchflow_score_dist_10k_v01.csv,YES,YES,NO
11872,data/simulations/toto1656_minute_matchflow_trace_match01_10k_v01.csv,YES,YES,NO
11911,data/analysis/toto1656_minute_exact_control_v01.csv,YES,YES,NO
11912,data/analysis/toto1656_minute_exact_score_distribution_control_v01.csv,YES,YES,NO
11950,data/analysis/toto1656_process_signal_matrix_v01.csv,YES,YES,NO
11951,data/analysis/toto1656_process_signal_registry_v01.csv,YES,YES,NO
11952,data/analysis/toto1656_process_signal_correlation_v01.csv,YES,YES,NO
11953,data/analysis/toto1656_process_signal_highcorr_v01.csv,YES,YES,NO
11981,data/analysis/toto1656_process_transport_contract_v01.csv,YES,YES,NO
11982,data/analysis/toto1656_process_local_sensitivity_detail_v01.csv,YES,YES,NO
11983,data/analysis/toto1656_process_local_sensitivity_summary_v01.csv,YES,YES,NO
12022,data/analysis/toto1656_process_channel_contract_v01.csv,YES,YES,NO
12023,data/analysis/toto1656_process_sensitivity_structure_audit_v01.csv,YES,YES,NO
12024,data/analysis/toto1656_process_sensitivity_concentration_v01.csv,YES,YES,NO
12106,data/analysis/toto1656_process_event_baseline_v02.csv,YES,YES,NO
12107,data/analysis/toto1656_process_event_minute_baseline_v02.csv,YES,YES,NO
12108,data/analysis/toto1656_process_event_channel_bindings_v02.csv,YES,YES,NO
12258,data/analysis/toto1656_minute_exact_control_v01.csv,YES,YES,NO
12874,scripts/bootstrap_historical_fs_process_r10_robustness_v01.py,YES,YES,NO
12951,scripts/build_historical_fs_prematch_process_v01.py,YES,YES,NO
13037,data/analysis/footystats_2026_r10_missing_window_final_v01.csv,YES,YES,NO
13056,data/analysis/footystats_2026_actual_plus_recovered_v01.csv,YES,YES,NO
13064,data/analysis/toto1656_fs_r10_team_prematch_v01.csv,YES,YES,NO
13081,data/analysis/toto1656_fs_r10_shot_generation_v01.csv,YES,YES,NO
13248,data/evaluation/historical_fs_process_r10_shot_forwardfit_2026_v01.csv,YES,YES,NO
13278,data/predictions/score_model_v1c_stacked_toto1656.csv,YES,YES,NO
13282,scripts/build_score_model_v1c_round_v01.py,YES,YES,NO
13303,scripts/reconstruct_v1c_full_pbase_oof_v01.py,YES,YES,NO
13335,data/analysis/toto1656_fs_r10_shot_generation_v01.csv,YES,YES,NO
13339,data/evaluation/historical_fs_process_r10_shot_forwardfit_2026_v01.csv,YES,YES,NO
13343,data/analysis/toto1656_fs_r10_shot_research_transport_v02_grid_sensitivity.csv,YES,YES,NO
13426,data/raw/footystats/round_html_refresh_20260924_110914/1656,YES,NO,YES
13440,data/parsed/footystats_refresh_20260924_110914/toto1656_full_v02,YES,NO,YES
13452,data/analysis/footystats_toto1656_normalized_v05_refresh_20260924_110914.csv,YES,YES,NO
13536,scripts/fetch_football_lab_cbp_leagues_v01.py,YES,YES,NO
13570,data/raw/football_lab/cbp/2026,YES,NO,YES
13574,data/raw/football_lab/cbp/2026_refresh_20260924_114138,YES,NO,YES
13597,data/analysis/football_lab_2026_27_1656_cbp_cells_raw_v01.csv,YES,YES,NO
13598,data/analysis/football_lab_2026_27_1656_cbp_schema_v01.csv,YES,YES,NO
13599,data/analysis/football_lab_2026_27_1656_player_cbp_top30_long_v01.csv,YES,YES,NO
13600,data/analysis/football_lab_2026_27_1656_team_cbp_long_v01.csv,YES,YES,NO
13601,data/analysis/football_lab_2026_27_1656_team_cbp_wide_v01.csv,YES,YES,NO
13602,data/analysis/football_lab_toto1656_feature_blocks_raw_v01.csv,YES,YES,NO
13603,data/analysis/football_lab_toto1656_matchup_matrix_v01.csv,YES,YES,NO
13604,data/analysis/football_lab_toto1656_team_cbp_v01.csv,YES,YES,NO
13605,data/analysis/football_lab_toto1656_team_semantic_z_v01.csv,YES,YES,NO
13619,data/raw/football_lab/cbp/2026_refresh_20260924_114138,YES,NO,YES
13733,data/analysis/footystats_toto1656_normalized_v05_refresh_20260924_110914.csv,YES,YES,NO
13737,data/analysis/footystats_1656_deep_refresh_20260924_110914/footystats_toto1656_sim_input_v05.csv,YES,YES,NO
13901,data/raw/football_lab/cbp/2026_27_1656_refresh_20260924_233151,YES,NO,YES
13905,data/analysis/football_lab_2026_27_1656_team_cbp_wide_refresh_20260924_233151_v01.csv,YES,YES,NO
13907,data/analysis/football_lab_toto1656_team_semantic_z_refresh_20260924_233151_v01.csv,YES,YES,NO
13909,data/analysis/football_lab_toto1656_matchup_matrix_refresh_20260924_233151_v01.csv,YES,YES,NO
13911,data/analysis/football_lab_toto1656_feature_blocks_raw_refresh_20260924_233151_v01.csv,YES,YES,NO
13913,data/analysis/toto1656_match_engine_input_v02_flrefresh_20260924_233151.csv,YES,YES,NO
13915,data/analysis/toto1656_match_engine_parameter_matrix_v02_flrefresh_20260924_233151.csv,YES,YES,NO
13935,data/analysis/toto1656_match_engine_input_v02_fsrefresh_20260924_110914_flrefresh_20260924_233151.csv,YES,YES,NO
13939,data/analysis/toto1656_match_engine_parameter_matrix_v02_fsrefresh_20260924_110914_flrefresh_20260924_233151.csv,YES,YES,NO
14001,scripts/run_toto_minute_matchflow_control_v01.py,YES,YES,NO
14007,data/analysis/toto1656_dynamic_sim_input_v02_timing.csv,YES,YES,NO
14009,data/analysis/toto1656_dynamic_exact_control_v01.csv,YES,YES,NO
14011,data/analysis/score_state_lookup_v01.csv,YES,YES,NO
14219,data/analysis/footystats_1656_deep_refresh_20260924_110914/footystats_toto1656_sim_input_v05.csv,YES,YES,NO
14291,scripts/run_toto_story_layer_v01.py,YES,YES,NO
14457,scripts/run_toto_story_layer_v01.py,YES,YES,NO
14536,data/analysis/toto1656_actual_xi_player_strength_v01.csv,YES,YES,NO
14537,data/analysis/toto1656_actual_xi_team_strength_v01.csv,YES,YES,NO
14538,data/analysis/toto1656_actual_xi_match_strength_v01.csv,YES,YES,NO
14549,data/analysis/toto1656_post_actual_xi_signal_conflict_matrix_v01.csv,YES,YES,NO
14576,data/analysis/toto1656_finalist_snapshot_post_actual_lineup_v01.csv,YES,YES,NO
14596,data/analysis/toto1656_final_research_decision_matrix_v01.csv,YES,YES,NO
15780,data/analysis/football_lab_20260924_j1j2j3_team_cbp_semantic_v2_source_v01.csv,YES,YES,NO
15789,data/analysis/football_lab_20260924_j1j2j3_team_semantic_v2_v01.csv,YES,YES,NO
16020,data/analysis/football_lab_20260924_j1j2j3_team_cbp_semantic_v2_source_v01.csv,YES,YES,NO
16021,data/analysis/football_lab_20260924_j1j2j3_team_semantic_v2_v01.csv,YES,YES,NO
16108,scripts/fetch_totoone_lineups_v1.py,YES,YES,NO
16143,scripts/check_toto_lineup_delta_v1.py,YES,YES,NO
16171,scripts/fetch_sportsnavi_candidates_v01.py,YES,YES,NO
16176,data/raw/sportsnavi/discovery/1653/,YES,NO,YES
16178,data/raw/sportsnavi/articles/1653,YES,NO,YES
16311,scripts/prepare_toto_round.py,NO,NO,NO
16573,data/analysis/football_lab_team_slug_map_2026_v02.csv,YES,YES,NO
16672,docs/TOTO_LABO_STATE.md,YES,YES,NO
16676,docs/TOTO_LABO_HANDOFF.md,YES,YES,NO
16844,docs/TOTO_LABO_STATE.md,YES,YES,NO
16847,docs/TOTO_LABO_HANDOFF.md,YES,YES,NO
16850,docs/totoLABO_architecture.md,YES,YES,NO
16851,docs/pipeline.md,YES,YES,NO
16852,docs/csv_dictionary.md,YES,YES,NO
16855,docs/FEATURE_CATALOG.md,YES,YES,NO
16856,docs/draw_research.md,YES,YES,NO
16882,docs/TOTO_LABO_STATE.md,YES,YES,NO
16883,docs/TOTO_LABO_HANDOFF.md,YES,YES,NO
16884,docs/totoLABO_architecture.md,YES,YES,NO
16884,docs/pipeline.md,YES,YES,NO
16884,docs/csv_dictionary.md,YES,YES,NO
