start_line,end_line,heading_level,heading,themes,research_status,canonical_artifact,successor,validation_status,production_role,notes
4,5,1,2026-09-05 第1650回 toto / WINNER 実戦前アップデート,OTHER,UNRESOLVED,,,,,
6,25,2,0. チャット消失対策・STATE保存運用,GOVERNANCE,UNRESOLVED,,,,,
26,43,1,1. 第1650回 対象13試合,OTHER,UNRESOLVED,,,,,
44,92,1,2. totoLABO 基本AI P(1/0/2),DRAW,UNRESOLVED,,,,,
93,105,1,3. 市場人気率の長期統計,OTHER,UNRESOLVED,,,,,
106,122,2,ホーム1人気,OTHER,UNRESOLVED,,,,,
123,153,2,アウェイ2人気,OTHER,UNRESOLVED,,,,,
154,176,1,4. totoONE / 予想XI,TOTOONE|JLEAGUE|PLAYER_XI,UNRESOLVED,,,,,
177,227,1,5. Fansaka player power,FOOTYSTATS|JLEAGUE|PLAYER_XI,UNRESOLVED,,,,,
228,266,1,6. Jリーグ公式 Stats,JLEAGUE|DATA_QUALITY,UNRESOLVED,,,,,
267,300,1,7. FootyStats,FOOTYSTATS,UNRESOLVED,,,,,
301,308,1,8. 9/5 確定スタメン監査,PLAYER_XI,UNRESOLVED,,,,,
309,351,2,No1 福岡－水戸,TOTOONE|PLAYER_XI|TICKET_ALLOCATION,UNRESOLVED,,,,,
352,405,2,No11 徳島－いわき,FOOTYSTATS|TOTOONE|JLEAGUE|PLAYER_XI|AVAILABILITY_CONTEXT,UNRESOLVED,,,,,
406,431,2,No12 山形－甲府,FOOTYSTATS|TOTOONE|JLEAGUE,UNRESOLVED,,,,,
432,433,1,9. 第1650回 予算別買い目,TICKET_ALLOCATION,UNRESOLVED,,,,,
434,463,2,"2,400円 / 24口 最終低予算案",TICKET_ALLOCATION,UNRESOLVED,,,,,
464,474,2,"4,800円 / 48口 本線",OTHER,UNRESOLVED,,,,,
475,489,2,"7,200円 / 72口 安全強化版",OTHER,UNRESOLVED,,,,,
490,540,1,10. 各試合 最終方向,TICKET_ALLOCATION,UNRESOLVED,,,,,
541,555,1,11. WINNER 最新オッズ,OTHER,UNRESOLVED,,,,,
556,557,1,12. WINNER 17:56 主な1650オッズ,OTHER,UNRESOLVED,,,,,
558,585,2,No1 福岡－水戸,DRAW,UNRESOLVED,,,,,
586,613,2,No2 鹿島－浦和,DRAW,UNRESOLVED,,,,,
614,641,2,No3 千葉－G大阪,DRAW,UNRESOLVED,,,,,
642,669,2,No4 名古屋－町田,DRAW,UNRESOLVED,,,,,
670,697,2,No5 神戸－長崎,DRAW,UNRESOLVED,,,,,
698,725,2,No6 柏－横浜FM,DRAW,UNRESOLVED,,,,,
726,753,2,No7 岡山－広島,DRAW,UNRESOLVED,,,,,
754,781,2,No8 川崎F－清水,DRAW,UNRESOLVED,,,,,
782,809,2,No9 C大阪－東京V,DRAW,UNRESOLVED,,,,,
810,837,2,No10 FC東京－京都,DRAW,UNRESOLVED,,,,,
838,865,2,No11 徳島－いわき,DRAW,UNRESOLVED,,,,,
866,893,2,No12 山形－甲府,DRAW,UNRESOLVED,,,,,
894,921,2,No13 札幌－栃木C,DRAW,UNRESOLVED,,,,,
922,949,1,13. WINNER分析上の現状,PBASE_SCORE,UNRESOLVED,,,,,
950,975,1,14. score model 校正プロジェクト開始,FOOTYSTATS|JLEAGUE|PBASE_SCORE,UNRESOLVED,,,,,
976,1013,1,15. score model v1 最小構成,PBASE_SCORE,UNRESOLVED,,,,,
1014,1046,1,16. score distribution,DRAW|PBASE_SCORE,UNRESOLVED,,,,,
1047,1075,1,17. Walk-forward検証,DRAW|OOF_VALIDATION,UNRESOLVED,,,,,
1076,1100,1,18. Dixon-Coles,DRAW|PBASE_SCORE|OOF_VALIDATION,UNRESOLVED,,,,,
1101,1129,1,19. WINNER EV,OOF_VALIDATION,UNRESOLVED,,,,,
1130,1147,1,20. score model 実装候補,PBASE_SCORE,UNRESOLVED,,,,,
1148,1182,1,21. score model 開発順序,PLAYER_XI|PBASE_SCORE|OOF_VALIDATION,UNRESOLVED,,,,,
1183,1224,1,22. 次の最優先タスク,PBASE_SCORE|DATA_QUALITY,UNRESOLVED,,,,,
1225,1243,1,23. 現在の重要原則,FOOTYSTATS|DRAW|TICKET_ALLOCATION|AVAILABILITY_CONTEXT,UNRESOLVED,,,,,
1244,1257,1,24. 再開時キーワード,PBASE_SCORE|GOVERNANCE,UNRESOLVED,,,,,
1258,1259,2,2026-09-05 Score model v1-A -> v1-C stacked checkpoint,PBASE_SCORE,UNRESOLVED,,,,,
1260,1288,3,1. score training base,PBASE_SCORE|OOF_VALIDATION,UNRESOLVED,,,,,
1289,1310,3,2. v1-A baseline,PBASE_SCORE|OOF_VALIDATION,UNRESOLVED,,,,,
1311,1342,3,3. v1-A calibration diagnostics,DRAW|PBASE_SCORE,UNRESOLVED,,,,,
1343,1361,3,4. marginal post-hoc calibration test,PBASE_SCORE,UNRESOLVED,,,,,
1362,1385,3,5. FootyStats temporal join,FOOTYSTATS|JLEAGUE|DATA_QUALITY,UNRESOLVED,,,,,
1386,1426,3,6. FootyStats ablation,FOOTYSTATS|JLEAGUE|OOF_VALIDATION,UNRESOLVED,,,,,
1427,1454,3,7. alpha search for v1-Bxg,OTHER,UNRESOLVED,,,,,
1455,1485,3,8. formal v1-Bxg model,FOOTYSTATS|JLEAGUE|PBASE_SCORE|OOF_VALIDATION,UNRESOLVED,,,,,
1486,1515,3,9. multisource OOF audit,JLEAGUE|DRAW|OOF_VALIDATION|DATA_QUALITY|GOVERNANCE,UNRESOLVED,,,,,
1516,1561,3,10. v1-C stacked meta model,DRAW|PBASE_SCORE|OOF_VALIDATION,UNRESOLVED,,,,,
1562,1621,3,11. meta ablation: recalibration vs multisource signal,DRAW|PBASE_SCORE|OOF_VALIDATION|DATA_QUALITY|GOVERNANCE,UNRESOLVED,,,,,
1622,1623,2,2026-09-05 Round1650 score-model production checkpoint,GOVERNANCE,UNRESOLVED,,,,,
1624,1676,3,FootyStats 2026 xG source issue,FOOTYSTATS|JLEAGUE|PBASE_SCORE|DATA_QUALITY|GOVERNANCE,UNRESOLVED,,,,,
1677,1790,3,score_model_v1c_stacked production completed,FOOTYSTATS|JLEAGUE|DRAW|PBASE_SCORE|OOF_VALIDATION|GOVERNANCE,UNRESOLVED,,,,,
1791,1792,1,2026-09-07 ROUND1650 POSTMATCH RESEARCH CHECKPOINT,OTHER,UNRESOLVED,,,,,
1793,1821,2,0. 今日の研究目的,DRAW|PBASE_SCORE|OOF_VALIDATION|TICKET_ALLOCATION,UNRESOLVED,,,,,
1822,1887,1,1. Round1650 actual / ticket review,PBASE_SCORE|TICKET_ALLOCATION,UNRESOLVED,,,,,
1888,1889,1,2. DRAW RESEARCH UPDATE,DRAW,UNRESOLVED,,,,,
1890,1926,2,DRAW_RECHECK V1,DRAW|OOF_VALIDATION|GOVERNANCE,UNRESOLVED,,,,,
1927,1988,2,DRAW STRUCTURE V3 CONTINUOUS,DRAW,UNRESOLVED,,,,,
1989,2023,1,3. FAVORITE CALIBRATION,PBASE_SCORE|OOF_VALIDATION,UNRESOLVED,,,,,
2024,2025,1,4. FAVORITE FRAGILITY,OTHER,UNRESOLVED,,,,,
2026,2034,2,V2,GOVERNANCE,UNRESOLVED,,,,,
2035,2101,2,V3/V4 COMPOSITE,OOF_VALIDATION,UNRESOLVED,,,,,
2102,2141,2,SINGLE SAFETY V2での正しい帯内比較,TICKET_ALLOCATION,UNRESOLVED,,,,,
2142,2193,1,5. FATIGUE CONTEXT V1,DRAW|OOF_VALIDATION|AVAILABILITY_CONTEXT,UNRESOLVED,,,,,
2194,2217,1,6. DIRECTION FAILURE V1,OOF_VALIDATION,UNRESOLVED,,,,,
2218,2273,2,RAW AI vs v1-C DIRECTION SPLIT,PBASE_SCORE,UNRESOLVED,,,,,
2274,2322,1,7. Round1650 RAW vs v1-C SPLIT,PBASE_SCORE|TICKET_ALLOCATION,UNRESOLVED,,,,,
2323,2387,1,8. Round1650 DIRECTION SUPPORT,PBASE_SCORE|AVAILABILITY_CONTEXT,UNRESOLVED,,,,,
2388,2419,1,9. VENUE FRAGILITY V1,OOF_VALIDATION,UNRESOLVED,,,,,
2420,2474,2,NO7-LIKE ZONE,OOF_VALIDATION,UNRESOLVED,,,,,
2475,2552,1,10. SINGLE SAFETY V1,DRAW|PBASE_SCORE|GOVERNANCE,UNRESOLVED,,,,,
2553,2612,1,11. SINGLE SAFETY V2 — incremental value,DRAW|PBASE_SCORE,UNRESOLVED,,,,,
2613,2652,1,12. TOTO HISTORY STRUCTURE AUDIT,TICKET_ALLOCATION,UNRESOLVED,,,,,
2653,2692,1,13. OOF -> TOTO LINKAGE,OOF_VALIDATION,UNRESOLVED,,,,,
2693,2739,1,14. STRICT CLEAN PORTFOLIO DATASET,JLEAGUE|OOF_VALIDATION|TICKET_ALLOCATION,UNRESOLVED,,,,,
2740,2770,1,15. PORTFOLIO SIMULATION V1,DRAW|PBASE_SCORE|SIMULATION|TICKET_ALLOCATION,UNRESOLVED,,,,,
2771,2800,2,CONFIRM 2025 — primary decision,OTHER,UNRESOLVED,,,,,
2801,2833,2,FAV_PROTECT minus BASELINE — CONFIRM,TICKET_ALLOCATION,UNRESOLVED,,,,,
2834,2880,2,STRONG_PROTECT minus BASELINE — CONFIRM,TICKET_ALLOCATION,UNRESOLVED,,,,,
2881,2917,1,16. IMPORTANT INTERPRETATION,DRAW|PBASE_SCORE,UNRESOLVED,,,,,
2918,3054,1,17. Round1650 FAILURE CLASSIFICATION — CURRENT,DRAW|PBASE_SCORE|OOF_VALIDATION|TICKET_ALLOCATION,UNRESOLVED,,,,,
3055,3056,1,18. CURRENT RULE STATUS,OTHER,UNRESOLVED,,,,,
3057,3081,2,KEEP / PROMISING WARNINGS,DRAW|PBASE_SCORE|OOF_VALIDATION,UNRESOLVED,,,,,
3082,3109,2,REJECTED / DOWNGRADED,DRAW|GOVERNANCE,UNRESOLVED,,,,,
3110,3140,1,19. KEY MODELING LESSON,OTHER,UNRESOLVED,,,,,
3141,3190,1,20. NEXT RESEARCH START POINT,DRAW|PBASE_SCORE,UNRESOLVED,,,,,
3191,3217,1,21. CURRENT PRODUCTION PHILOSOPHY,OOF_VALIDATION|TICKET_ALLOCATION|GOVERNANCE,UNRESOLVED,,,,,
3218,3219,1,2026-09-07 ROUND1653 FOOTYSTATS PDF FIRST PASS,FOOTYSTATS,UNRESOLVED,,,,,
3220,3250,2,0. Source,FOOTYSTATS|TOTOONE|PLAYER_XI|PBASE_SCORE|AVAILABILITY_CONTEXT,UNRESOLVED,,,,,
3251,3268,1,1. Round1653 official match order,OTHER,UNRESOLVED,,,,,
3269,3270,1,2. FootyStats strongest directional agreement,FOOTYSTATS,UNRESOLVED,,,,,
3271,3294,2,No5 長崎 - 名古屋,FOOTYSTATS,UNRESOLVED,,,,,
3295,3324,2,No6 広島 - C大阪,FOOTYSTATS,UNRESOLVED,,,,,
3325,3349,2,No9 今治 - 鳥栖,FOOTYSTATS,UNRESOLVED,,,,,
3350,3351,1,3. FootyStats dangerous single candidates,FOOTYSTATS,UNRESOLVED,,,,,
3352,3382,2,No1 水戸 - 川崎F,DRAW,UNRESOLVED,,,,,
3383,3403,2,No3 G大阪 - FC東京,OTHER,UNRESOLVED,,,,,
3404,3424,2,No7 東京V - 千葉,DRAW,UNRESOLVED,,,,,
3425,3444,2,No8 浦和 - 岡山,OTHER,UNRESOLVED,,,,,
3445,3465,2,No10 いわき - 横浜FC,DRAW,UNRESOLVED,,,,,
3466,3486,2,No12 甲府 - 磐田,DRAW,UNRESOLVED,,,,,
3487,3501,1,4. Draw recheck candidates from FootyStats,FOOTYSTATS|DRAW,UNRESOLVED,,,,,
3502,3532,2,No13 秋田 - 徳島,DRAW,UNRESOLVED,,,,,
3533,3534,1,5. Other matches,OTHER,UNRESOLVED,,,,,
3535,3556,2,No4 町田 - 横浜FM,OTHER,UNRESOLVED,,,,,
3557,3578,2,No11 八戸 - 湘南,FOOTYSTATS,UNRESOLVED,,,,,
3579,3613,1,6. Round1653 preliminary FootyStats classification,FOOTYSTATS|DRAW,UNRESOLVED,,,,,
3614,3635,1,7. Important methodological rule,TICKET_ALLOCATION,UNRESOLVED,,,,,
3636,3661,1,8. NEXT,FOOTYSTATS|TOTOONE|DRAW|PBASE_SCORE,UNRESOLVED,,,,,
3662,3678,1,TOTO LABO LIVE TRACK RECORD DEFINITION,OOF_VALIDATION,UNRESOLVED,,,,,
3679,3680,2,Round1653 morning checkpoint,OTHER,UNRESOLVED,,,,,
3681,3688,3,Pipeline status,JLEAGUE,UNRESOLVED,,,,,
3689,3696,3,FootyStats prediction feature source,FOOTYSTATS,UNRESOLVED,,,,,
3697,3728,3,Round1653 RAW multisource AI,FOOTYSTATS|JLEAGUE,UNRESOLVED,,,,,
3729,3754,3,Official toto market snapshot,OTHER,UNRESOLVED,,,,,
3755,3793,3,FootyStats v2 extraction,FOOTYSTATS|DRAW,UNRESOLVED,,,,,
3794,3823,3,Integrated Round1653 diagnostics,FOOTYSTATS|DRAW,UNRESOLVED,,,,,
3824,3832,3,Next session,TICKET_ALLOCATION|AVAILABILITY_CONTEXT|GOVERNANCE,UNRESOLVED,,,,,
3833,3834,2,Round1653 2026-09-10 AM checkpoint,OTHER,UNRESOLVED,,,,,
3835,3849,3,Latest toto market,OTHER,UNRESOLVED,,,,,
3850,3871,3,Current classification,DRAW,UNRESOLVED,,,,,
3872,3879,3,MARKET 5% sensitivity findings,DRAW|PBASE_SCORE|TICKET_ALLOCATION|GOVERNANCE,UNRESOLVED,,,,,
3880,3886,3,Budget-stage insight,TICKET_ALLOCATION,UNRESOLVED,,,,,
3887,3892,3,Tonight,FOOTYSTATS,UNRESOLVED,,,,,
3893,3894,2,2026-09-11 FootyStats追加特徴検証 / FS_ERROR_WARNING v0.1,FOOTYSTATS|OOF_VALIDATION,UNRESOLVED,,,,,
3895,3903,3,追加12特徴の1X2直接投入,OOF_VALIDATION|GOVERNANCE,UNRESOLVED,,,,,
3904,3928,3,CORE4 Error Warning研究,FOOTYSTATS|TICKET_ALLOCATION|GOVERNANCE,UNRESOLVED,,,,,
3929,3944,3,Round1653 FS_ERROR_WARNING v0.1,OTHER,UNRESOLVED,,,,,
3945,3956,3,Round1653 統合上の意味,PBASE_SCORE|TICKET_ALLOCATION,UNRESOLVED,,,,,
3957,3958,2,2026-09-11 late update — Round1653 pre-final,OTHER,UNRESOLVED,,,,,
3959,3978,3,LINEUP / PLAYER POWER,FOOTYSTATS|FOOTBALL_LAB|TOTOONE|JLEAGUE|PLAYER_XI|PBASE_SCORE|AVAILABILITY_CONTEXT|DATA_QUALITY|GOVERNANCE,UNRESOLVED,,,,,
3979,3995,3,Round1653 integrated qualitative update,FOOTYSTATS|FOOTBALL_LAB|TOTOONE|DRAW|PLAYER_XI|PBASE_SCORE|AVAILABILITY_CONTEXT,UNRESOLVED,,,,,
3996,4027,3,Integrated scenario optimization,PBASE_SCORE|TICKET_ALLOCATION,UNRESOLVED,,,,,
4028,4047,3,No7 expansion study,PLAYER_XI,UNRESOLVED,,,,,
4048,4069,3,Current Round1653 first-choice plan,PBASE_SCORE|TICKET_ALLOCATION|GOVERNANCE,UNRESOLVED,,,,,
4070,4083,3,Final-day policy,TOTOONE|PLAYER_XI,UNRESOLVED,,,,,
4084,4085,2,2026-09-12 Round1653 FootyStats automation / analysis checkpoint,FOOTYSTATS,UNRESOLVED,,,,,
4086,4095,3,Source automation status,FOOTYSTATS|FOOTBALL_LAB|TOTOONE|JLEAGUE,UNRESOLVED,,,,,
4096,4119,3,FootyStats acquisition,FOOTYSTATS|GOVERNANCE,UNRESOLVED,,,,,
4120,4153,3,FootyStats FULL RAW,FOOTYSTATS|PLAYER_XI,UNRESOLVED,,,,,
4154,4197,3,FootyStats NORMALIZED v0.4,FOOTYSTATS|DRAW,UNRESOLVED,,,,,
4198,4213,3,Round1653 venue xG / xGA,OTHER,UNRESOLVED,,,,,
4214,4269,3,FootyStats MATCH FEATURE BLOCK v0.1,FOOTYSTATS|DRAW|OOF_VALIDATION,UNRESOLVED,,,,,
4270,4279,3,MATCHUP_XG diagnostic,OTHER,UNRESOLVED,,,,,
4280,4312,3,Source disagreement v0.1,FOOTYSTATS|PBASE_SCORE,UNRESOLVED,,,,,
4313,4362,3,Key Round1653 disagreement interpretation,FOOTYSTATS|PBASE_SCORE,UNRESOLVED,,,,,
4363,4380,3,Production discipline,FOOTYSTATS|PBASE_SCORE|OOF_VALIDATION|TICKET_ALLOCATION|AVAILABILITY_CONTEXT|GOVERNANCE,UNRESOLVED,,,,,
4381,4395,3,Roadmap current position,FOOTYSTATS|FOOTBALL_LAB|JLEAGUE|OOF_VALIDATION,UNRESOLVED,,,,,
4396,4415,3,Next actions,FOOTYSTATS|FOOTBALL_LAB,UNRESOLVED,,,,,
4416,4441,3,Target source architecture,AVAILABILITY_CONTEXT,UNRESOLVED,,,,,
4442,4443,2,CHECKPOINT — STEP 6 FOOTBALL LAB COMPLETE,FOOTBALL_LAB,UNRESOLVED,,,,,
4444,4463,3,Status,FOOTYSTATS|FOOTBALL_LAB|JLEAGUE|OOF_VALIDATION|DATA_QUALITY,UNRESOLVED,,,,,
4464,4500,3,Step 6a — Football LAB RAW acquisition,FOOTBALL_LAB,UNRESOLVED,,,,,
4501,4535,3,Step 6b — Football LAB table structure audit,FOOTBALL_LAB|PLAYER_XI|DATA_QUALITY,UNRESOLVED,,,,,
4536,4573,3,Step 6c — Team CBP NORMALIZED v0.1,FOOTBALL_LAB,UNRESOLVED,,,,,
4574,4615,3,Step 6d — Round 1653 26-team JOIN,FOOTBALL_LAB,UNRESOLVED,,,,,
4616,4670,3,Step 6e — Football LAB semantic audit,FOOTBALL_LAB|DATA_QUALITY|GOVERNANCE,UNRESOLVED,,,,,
4671,4690,3,Step 6f — Football LAB semantic v0.1,FOOTBALL_LAB|DATA_QUALITY,UNRESOLVED,,,,,
4691,4697,4,BUILD_UP,DATA_QUALITY,UNRESOLVED,,,,,
4698,4704,4,WIDTH_CARRY,OTHER,UNRESOLVED,,,,,
4705,4711,4,FINISHING,DATA_QUALITY,UNRESOLVED,,,,,
4712,4717,4,RECOVERY,OTHER,UNRESOLVED,,,,,
4718,4729,4,DEFENSIVE_LAST_LINE,OTHER,UNRESOLVED,,,,,
4730,4799,3,Football LAB Round 1653 semantic view,FOOTBALL_LAB|DATA_QUALITY|GOVERNANCE,UNRESOLVED,,,,,
4800,4809,3,Football LAB internal split counts,FOOTBALL_LAB,UNRESOLVED,,,,,
4810,4860,3,Important Round 1653 observations after Football LAB,FOOTYSTATS|FOOTBALL_LAB,UNRESOLVED,,,,,
4861,4886,3,Interpretation constraints,FOOTYSTATS|FOOTBALL_LAB|PBASE_SCORE|OOF_VALIDATION|DATA_QUALITY|GOVERNANCE,UNRESOLVED,,,,,
4887,4894,3,NEXT — Step 7,FOOTYSTATS|FOOTBALL_LAB|DATA_QUALITY,UNRESOLVED,,,,,
4895,4902,4,v1-C,PBASE_SCORE,UNRESOLVED,,,,,
4903,4911,4,FootyStats,FOOTYSTATS|DATA_QUALITY,UNRESOLVED,,,,,
4912,4921,4,Football LAB,FOOTBALL_LAB,UNRESOLVED,,,,,
4922,4945,4,Cross-source layer,OOF_VALIDATION|DATA_QUALITY,UNRESOLVED,,,,,
4946,4947,2,CHECKPOINT — STEP 7 FOOTYSTATS × FOOTBALL LAB CROSS-SOURCE SEMANTIC COMPLETE,FOOTYSTATS|FOOTBALL_LAB|DATA_QUALITY,UNRESOLVED,,,,,
4948,4967,3,Status,FOOTYSTATS|FOOTBALL_LAB|JLEAGUE|OOF_VALIDATION|DATA_QUALITY,UNRESOLVED,,,,,
4968,4986,3,Step 7 input layers,FOOTYSTATS|FOOTBALL_LAB|DATA_QUALITY,UNRESOLVED,,,,,
4987,5020,3,Step 7 output QA,FOOTYSTATS|DATA_QUALITY,UNRESOLVED,,,,,
5021,5063,3,Important parser correction,FOOTYSTATS|DATA_QUALITY|GOVERNANCE,UNRESOLVED,,,,,
5064,5069,3,Cross-source methodology,GOVERNANCE,UNRESOLVED,,,,,
5070,5077,4,v1-C,PBASE_SCORE,UNRESOLVED,,,,,
5078,5086,4,FootyStats,FOOTYSTATS|DATA_QUALITY,UNRESOLVED,,,,,
5087,5103,4,Football LAB,FOOTBALL_LAB|GOVERNANCE,UNRESOLVED,,,,,
5104,5105,3,Cross-source classification definitions,OTHER,UNRESOLVED,,,,,
5106,5109,4,STRONG_ALIGNMENT,FOOTYSTATS|FOOTBALL_LAB,UNRESOLVED,,,,,
5110,5113,4,PARTIAL_ALIGNMENT,FOOTYSTATS|FOOTBALL_LAB,UNRESOLVED,,,,,
5114,5119,4,MIXED_SOURCE_SPLIT,FOOTBALL_LAB,UNRESOLVED,,,,,
5120,5126,4,FL_PROCESS_WEAK,FOOTBALL_LAB,UNRESOLVED,,,,,
5127,5128,3,Round 1653 corrected cross-source view,OTHER,UNRESOLVED,,,,,
5129,5163,4,No.1 水戸 vs 川崎F,FOOTYSTATS|FOOTBALL_LAB|PBASE_SCORE,UNRESOLVED,,,,,
5164,5199,4,No.2 清水 vs 福岡,FOOTYSTATS|FOOTBALL_LAB|PBASE_SCORE,UNRESOLVED,,,,,
5200,5236,4,No.3 G大阪 vs FC東京,FOOTYSTATS|FOOTBALL_LAB|PBASE_SCORE,UNRESOLVED,,,,,
5237,5267,4,No.4 町田 vs 横浜FM,FOOTYSTATS|FOOTBALL_LAB|PBASE_SCORE,UNRESOLVED,,,,,
5268,5305,4,No.5 長崎 vs 名古屋,FOOTYSTATS|FOOTBALL_LAB|PBASE_SCORE,UNRESOLVED,,,,,
5306,5339,4,No.6 広島 vs C大阪,FOOTYSTATS|FOOTBALL_LAB|PBASE_SCORE,UNRESOLVED,,,,,
5340,5378,4,No.7 東京V vs 千葉,FOOTYSTATS|FOOTBALL_LAB|PBASE_SCORE|TICKET_ALLOCATION,UNRESOLVED,,,,,
5379,5417,4,No.8 浦和 vs 岡山,FOOTYSTATS|FOOTBALL_LAB|PBASE_SCORE,UNRESOLVED,,,,,
5418,5451,4,No.9 今治 vs 鳥栖,FOOTYSTATS|FOOTBALL_LAB|PBASE_SCORE,UNRESOLVED,,,,,
5452,5489,4,No.10 いわき vs 横浜FC,FOOTYSTATS|FOOTBALL_LAB|PBASE_SCORE,UNRESOLVED,,,,,
5490,5525,4,No.11 八戸 vs 湘南,FOOTYSTATS|FOOTBALL_LAB|DRAW|PBASE_SCORE|TICKET_ALLOCATION,UNRESOLVED,,,,,
5526,5559,4,No.12 甲府 vs 磐田,FOOTYSTATS|FOOTBALL_LAB|PBASE_SCORE,UNRESOLVED,,,,,
5560,5603,4,No.13 秋田 vs 徳島,FOOTYSTATS|FOOTBALL_LAB|PBASE_SCORE|DATA_QUALITY,UNRESOLVED,,,,,
5604,5607,3,Step 7 structural conclusions,OTHER,UNRESOLVED,,,,,
5608,5624,4,A. v1-C vs aligned external sources,PBASE_SCORE|OOF_VALIDATION|DATA_QUALITY,UNRESOLVED,,,,,
5625,5637,4,B. True cross-source opposition,DATA_QUALITY,UNRESOLVED,,,,,
5638,5654,4,C. Internal semantic uncertainty,FOOTYSTATS|DATA_QUALITY,UNRESOLVED,,,,,
5655,5665,4,D. Weak / unresolved external process,OTHER,UNRESOLVED,,,,,
5666,5676,4,E. Broad external alignment with v1-C,PBASE_SCORE,UNRESOLVED,,,,,
5677,5700,3,Critical methodology constraints after Step 7,FOOTYSTATS|FOOTBALL_LAB|DATA_QUALITY|GOVERNANCE,UNRESOLVED,,,,,
5701,5719,3,SOURCE_SPLIT policy,FOOTYSTATS|FOOTBALL_LAB|DRAW|OOF_VALIDATION|GOVERNANCE,UNRESOLVED,,,,,
5720,5737,3,Warning policy,TICKET_ALLOCATION|GOVERNANCE,UNRESOLVED,,,,,
5738,5757,3,Production probability policy remains unchanged,FOOTYSTATS|FOOTBALL_LAB|OOF_VALIDATION|TICKET_ALLOCATION|DATA_QUALITY|GOVERNANCE,UNRESOLVED,,,,,
5758,5784,3,Step 7 final status,FOOTYSTATS|FOOTBALL_LAB|PBASE_SCORE|DATA_QUALITY,UNRESOLVED,,,,,
5785,5820,3,NEXT — Step 8 JLeague official,JLEAGUE|OOF_VALIDATION|DATA_QUALITY|GOVERNANCE,UNRESOLVED,,,,,
5821,5822,2,STEP 8 — JLEAGUE OFFICIAL — COMPLETE,JLEAGUE,UNRESOLVED,,,,,
5823,5829,3,Status,JLEAGUE|DATA_QUALITY,UNRESOLVED,,,,,
5830,5844,3,8a Official match URL mapping,JLEAGUE,UNRESOLVED,,,,,
5845,5869,3,8b RAW acquisition,JLEAGUE|PLAYER_XI,UNRESOLVED,,,,,
5870,5888,3,8c Temporal / leakage audit,JLEAGUE|PLAYER_XI|AVAILABILITY_CONTEXT|DATA_QUALITY,UNRESOLVED,,,,,
5889,5902,3,8d Preview extraction,FOOTYSTATS|FOOTBALL_LAB|JLEAGUE|PLAYER_XI|AVAILABILITY_CONTEXT|DATA_QUALITY,UNRESOLVED,,,,,
5903,5920,3,8e-8h Event extraction / QA,JLEAGUE|PLAYER_XI|GOVERNANCE,UNRESOLVED,,,,,
5921,5951,3,8i Semantic event block,JLEAGUE|DATA_QUALITY|GOVERNANCE,UNRESOLVED,,,,,
5952,5968,3,High-value current examples,AVAILABILITY_CONTEXT,UNRESOLVED,,,,,
5969,5987,3,Production policy,JLEAGUE|PLAYER_XI|OOF_VALIDATION|AVAILABILITY_CONTEXT|GOVERNANCE,UNRESOLVED,,,,,
5988,6005,3,Roadmap,FOOTYSTATS|FOOTBALL_LAB|JLEAGUE|OOF_VALIDATION|DATA_QUALITY,UNRESOLVED,,,,,
6006,6007,2,STEP 9 — Sportsnavi acquisition / semantic event layer COMPLETE,DATA_QUALITY,UNRESOLVED,,,,,
6008,6025,3,Acquisition architecture,JLEAGUE|PLAYER_XI|AVAILABILITY_CONTEXT,UNRESOLVED,,,,,
6026,6048,3,Discovery / RAW results,DATA_QUALITY,UNRESOLVED,,,,,
6049,6058,3,League-wide suspension bulletin,JLEAGUE|AVAILABILITY_CONTEXT,UNRESOLVED,,,,,
6059,6075,3,Sportsnavi normalized events,AVAILABILITY_CONTEXT|DATA_QUALITY,UNRESOLVED,,,,,
6076,6101,3,JLeague × Sportsnavi event dedupe,JLEAGUE|AVAILABILITY_CONTEXT,UNRESOLVED,,,,,
6102,6137,3,Sportsnavi 13-match semantic feature block,AVAILABILITY_CONTEXT|DATA_QUALITY|GOVERNANCE,UNRESOLVED,,,,,
6138,6144,3,Temporal / leakage policy,OOF_VALIDATION|AVAILABILITY_CONTEXT|DATA_QUALITY|GOVERNANCE,UNRESOLVED,,,,,
6145,6160,3,Provenance / independence policy,JLEAGUE|DATA_QUALITY,UNRESOLVED,,,,,
6161,6173,3,Production policy,PLAYER_XI|OOF_VALIDATION|DATA_QUALITY|GOVERNANCE,UNRESOLVED,,,,,
6174,6182,3,STEP 9 STATUS,OOF_VALIDATION|DATA_QUALITY,UNRESOLVED,,,,,
6183,6219,2,STEP 10 SOCCERHIHYO WEB COMPLETE (20260912_223952),DRAW|OOF_VALIDATION|DATA_QUALITY|GOVERNANCE,UNRESOLVED,,,,,
6220,6262,2,STEP 11 COMPLETE — ALL-SOURCE WARNING / PREDICTION ANALYSIS (20260912_224740),FOOTYSTATS|FOOTBALL_LAB|JLEAGUE|DRAW|PBASE_SCORE|OOF_VALIDATION|TICKET_ALLOCATION|DATA_QUALITY|GOVERNANCE,UNRESOLVED,,,,,
6263,6264,2,Step 12 Historical OOF / finite-budget validation COMPLETE,OOF_VALIDATION,UNRESOLVED,,,,,
6265,6271,3,Baseline OOF,PBASE_SCORE|OOF_VALIDATION|GOVERNANCE,UNRESOLVED,,,,,
6272,6279,3,Endogenous warning diagnostics,DRAW,UNRESOLVED,,,,,
6280,6289,3,Historical toto finite-budget base,PBASE_SCORE|OOF_VALIDATION|TICKET_ALLOCATION,UNRESOLVED,,,,,
6290,6297,3,BOTH hard-allocation test,TICKET_ALLOCATION,UNRESOLVED,,,,,
6298,6303,3,Warning absorption,DRAW,UNRESOLVED,,,,,
6304,6319,3,Historical external opposition validation,FOOTYSTATS|JLEAGUE|PBASE_SCORE|OOF_VALIDATION,UNRESOLVED,,,,,
6320,6333,3,External direction / allocation diagnostic,TICKET_ALLOCATION|GOVERNANCE,UNRESOLVED,,,,,
6334,6343,3,External warning absorption,TICKET_ALLOCATION,UNRESOLVED,,,,,
6344,6357,3,Step 12 production conclusion,FOOTBALL_LAB|JLEAGUE|OOF_VALIDATION|TICKET_ALLOCATION|DATA_QUALITY|GOVERNANCE,UNRESOLVED,,,,,
6358,6359,2,Step 13 toto1653 production baseline 96,GOVERNANCE,UNRESOLVED,,,,,
6360,6368,3,Production baseline,PBASE_SCORE|OOF_VALIDATION|TICKET_ALLOCATION|DATA_QUALITY|GOVERNANCE,UNRESOLVED,,,,,
6369,6395,3,Production baseline 96,GOVERNANCE,UNRESOLVED,,,,,
6396,6414,3,Double protection audit,DRAW,UNRESOLVED,,,,,
6415,6436,3,No08 residual risk,FOOTYSTATS|TICKET_ALLOCATION,UNRESOLVED,,,,,
6437,6442,3,Residual research singles,OTHER,UNRESOLVED,,,,,
6443,6449,3,Supported singles,OTHER,UNRESOLVED,,,,,
6450,6458,3,Status,TICKET_ALLOCATION|GOVERNANCE,UNRESOLVED,,,,,
6459,6460,2,2026-09-13 checkpoint — Step13-16 postmortem / LOSS PATH / DRAW PATH research,DRAW,UNRESOLVED,,,,,
6461,6484,3,Step13 — toto1653 production baseline,TICKET_ALLOCATION|GOVERNANCE,UNRESOLVED,,,,,
6485,6497,3,toto1653 postmortem / user-reported results,DRAW|TICKET_ALLOCATION,UNRESOLVED,,,,,
6498,6507,3,Step14 — historical disagreement recalibration,DRAW|OOF_VALIDATION,UNRESOLVED,,,,,
6508,6528,3,Step15 — No4 draw audit,FOOTBALL_LAB|DRAW|PBASE_SCORE,UNRESOLVED,,,,,
6529,6530,3,Step16 — LOSS PATH / FAVORITE-FAIL / DRAW PATH,DRAW,UNRESOLVED,,,,,
6531,6549,4,Step16a,FOOTBALL_LAB,UNRESOLVED,,,,,
6550,6555,4,Step16c — historical 4-source probability proxy,FOOTYSTATS|JLEAGUE|DRAW|PBASE_SCORE|DATA_QUALITY,UNRESOLVED,,,,,
6556,6565,4,Step16d — external directional topology,DRAW|GOVERNANCE,UNRESOLVED,,,,,
6566,6590,4,Historical FootyStats asset,FOOTYSTATS|DRAW|OOF_VALIDATION|GOVERNANCE,UNRESOLVED,,,,,
6591,6615,4,Step16i — corrected 7694 market-available matches,DRAW|GOVERNANCE,UNRESOLVED,,,,,
6616,6626,4,Step16j — favorite confidence x split,DRAW,UNRESOLVED,,,,,
6627,6641,4,Step16k — xG2 vs MARKET conflict,DRAW|GOVERNANCE,UNRESOLVED,,,,,
6642,6657,3,Current research direction,DRAW|OOF_VALIDATION|GOVERNANCE,UNRESOLVED,,,,,
6658,6674,3,NEXT STEP,DRAW|GOVERNANCE,UNRESOLVED,,,,,
6675,6676,2,Future Architecture — MATCH KARTE / 100K Simulation Project,SIMULATION,UNRESOLVED,,,,,
6677,6684,3,Vision,PLAYER_XI|SIMULATION|TICKET_ALLOCATION,UNRESOLVED,,,,,
6685,6712,3,Source Inventory Project,FOOTYSTATS|FOOTBALL_LAB|TOTOONE|JLEAGUE|PLAYER_XI|OOF_VALIDATION|SIMULATION|DATA_QUALITY|GOVERNANCE,UNRESOLVED,,,,,
6713,6735,3,MATCH KARTE FEATURE DICTIONARY,FOOTYSTATS|FOOTBALL_LAB|DRAW|PLAYER_XI|DATA_QUALITY,UNRESOLVED,,,,,
6736,6757,3,Player / Lineup Layer,FOOTBALL_LAB|PLAYER_XI|AVAILABILITY_CONTEXT,UNRESOLVED,,,,,
6758,6788,3,News / Editorial Layer,TOTOONE|JLEAGUE|PLAYER_XI|AVAILABILITY_CONTEXT,UNRESOLVED,,,,,
6789,6807,3,MATCH ENGINE,DRAW,UNRESOLVED,,,,,
6808,6834,3,100K Simulation,DRAW|OOF_VALIDATION|SIMULATION,UNRESOLVED,,,,,
6835,6868,3,Future Routine,DRAW|PLAYER_XI|OOF_VALIDATION|SIMULATION|TICKET_ALLOCATION|DATA_QUALITY,UNRESOLVED,,,,,
6869,6884,3,Learning Loop,DRAW|SIMULATION,UNRESOLVED,,,,,
6885,6894,3,Production Principle,OOF_VALIDATION|SIMULATION|DATA_QUALITY|GOVERNANCE,UNRESOLVED,,,,,
6895,6918,3,Roadmap Position,DRAW|OOF_VALIDATION|SIMULATION|DATA_QUALITY|GOVERNANCE,UNRESOLVED,,,,,
6919,6920,2,2026-09-14 SESSION UPDATE — STEP17-19b,OTHER,UNRESOLVED,,,,,
6921,7006,3,STEP17 — SUPPORTED FAVORITE / DOMINANCE WEAKNESS COMPLETE,FOOTYSTATS|DRAW|OOF_VALIDATION|DATA_QUALITY|GOVERNANCE,UNRESOLVED,,,,,
7007,7087,3,STEP18 — FAVORITE-FAIL PATH DECOMPOSITION COMPLETE,DRAW|OOF_VALIDATION|DATA_QUALITY,UNRESOLVED,,,,,
7088,7118,3,DRAW / LOSS PATH CURRENT STATUS,DRAW|OOF_VALIDATION|GOVERNANCE,UNRESOLVED,,,,,
7119,7150,3,STEP19 — MATCH KARTE DATA INVENTORY IN PROGRESS,PLAYER_XI|OOF_VALIDATION|SIMULATION|AVAILABILITY_CONTEXT|DATA_QUALITY|GOVERNANCE,UNRESOLVED,,,,,
7151,7190,3,STEP19a — DATA ASSET INVENTORY COMPLETE,FOOTYSTATS|FOOTBALL_LAB|JLEAGUE,UNRESOLVED,,,,,
7191,7257,3,STEP19b — CSV SCHEMA FAMILY INVENTORY COMPLETE,FOOTYSTATS|FOOTBALL_LAB|JLEAGUE|PLAYER_XI|OOF_VALIDATION|AVAILABILITY_CONTEXT|DATA_QUALITY,UNRESOLVED,,,,,
7258,7300,3,FUTURE MATCH KARTE BLOCKS,DRAW|PLAYER_XI|AVAILABILITY_CONTEXT|DATA_QUALITY,UNRESOLVED,,,,,
7301,7333,3,FUTURE 100K MATCH ENGINE,DRAW|OOF_VALIDATION|SIMULATION|GOVERNANCE,UNRESOLVED,,,,,
7334,7351,3,PRODUCTION SAFETY RULES — CURRENT,OOF_VALIDATION|TICKET_ALLOCATION|DATA_QUALITY|GOVERNANCE,UNRESOLVED,,,,,
7352,7368,3,CURRENT PRODUCTION 1653 REFERENCE,TICKET_ALLOCATION|GOVERNANCE,UNRESOLVED,,,,,
7369,7402,3,NEXT RESTART POINT,FOOTYSTATS|FOOTBALL_LAB|JLEAGUE|PLAYER_XI|OOF_VALIDATION|SIMULATION|AVAILABILITY_CONTEXT|DATA_QUALITY|GOVERNANCE,UNRESOLVED,,,,,
7403,7404,2,UPDATE: 2026-09-14 / STEP19c-20z / TOTO1654 PREPARATION,OTHER,UNRESOLVED,,,,,
7405,7414,3,STEP19c DATA INVENTORY DETAIL — COMPLETE,FOOTYSTATS|PLAYER_XI|OOF_VALIDATION|DATA_QUALITY|GOVERNANCE,UNRESOLVED,,,,,
7415,7422,3,TOTO1654 ROUND,FOOTYSTATS|JLEAGUE,UNRESOLVED,,,,,
7423,7431,3,STEP20 FOOTYSTATS 1654 ACQUISITION PREPARATION,FOOTYSTATS|JLEAGUE|DATA_QUALITY,UNRESOLVED,,,,,
7432,7459,3,GENERIC FOOTYSTATS COLLECTOR v02 — COMPLETE,FOOTYSTATS|JLEAGUE,UNRESOLVED,,,,,
7460,7467,3,STEP20aa — NOT YET EXECUTED,FOOTYSTATS,UNRESOLVED,,,,,
7468,7491,3,CURRENT EXECUTION ORDER,FOOTYSTATS|FOOTBALL_LAB|TOTOONE|JLEAGUE|PLAYER_XI|SIMULATION|AVAILABILITY_CONTEXT|GOVERNANCE,UNRESOLVED,,,,,
7492,7514,3,MATCH KARTE v1 PRINCIPLE,PLAYER_XI|OOF_VALIDATION|SIMULATION|AVAILABILITY_CONTEXT|DATA_QUALITY|GOVERNANCE,UNRESOLVED,,,,,
7515,7516,2,2026-09-14 AM UPDATE — MATCH KARTE v1 / v1-C RECONSTRUCTION,PBASE_SCORE,UNRESOLVED,,,,,
7517,7520,3,Step21 MATCH KARTE v1,OTHER,UNRESOLVED,,,,,
7521,7562,4,Step21a,DRAW|PLAYER_XI|OOF_VALIDATION|AVAILABILITY_CONTEXT|DATA_QUALITY|GOVERNANCE,UNRESOLVED,,,,,
7563,7572,4,Step21b,GOVERNANCE,UNRESOLVED,,,,,
7573,7581,4,Step21c,SIMULATION|GOVERNANCE,UNRESOLVED,,,,,
7582,7594,4,Step21d,PLAYER_XI|OOF_VALIDATION|DATA_QUALITY,UNRESOLVED,,,,,
7595,7608,4,Step21e-f,PLAYER_XI|OOF_VALIDATION|DATA_QUALITY,UNRESOLVED,,,,,
7609,7616,4,Step21g-h,GOVERNANCE,UNRESOLVED,,,,,
7617,7633,4,Step21i,PLAYER_XI|PBASE_SCORE,UNRESOLVED,,,,,
7634,7644,4,Step21j,FOOTYSTATS|FOOTBALL_LAB|JLEAGUE,UNRESOLVED,,,,,
7645,7655,4,Step21k,PLAYER_XI,UNRESOLVED,,,,,
7656,7672,4,Step21l,PLAYER_XI,UNRESOLVED,,,,,
7673,7690,4,Step21m,PLAYER_XI|PBASE_SCORE|SIMULATION|GOVERNANCE,UNRESOLVED,,,,,
7691,7710,4,Step21n,FOOTYSTATS|FOOTBALL_LAB|TOTOONE|JLEAGUE|PLAYER_XI,UNRESOLVED,,,,,
7711,7732,3,Step20aa still pending,FOOTYSTATS,UNRESOLVED,,,,,
7733,7740,2,Step22 — production baseline v1-C reconstruction,PBASE_SCORE|GOVERNANCE,UNRESOLVED,,,,,
7741,7759,3,Step22a-d,FOOTYSTATS|PBASE_SCORE,UNRESOLVED,,,,,
7760,7777,3,Step22e,GOVERNANCE,UNRESOLVED,,,,,
7778,7801,3,Step22f-g,DRAW|PBASE_SCORE|OOF_VALIDATION,UNRESOLVED,,,,,
7802,7819,3,Step22h,DRAW|PBASE_SCORE|OOF_VALIDATION|DATA_QUALITY|GOVERNANCE,UNRESOLVED,,,,,
7820,7855,3,Step22i-j — META LAYER FULLY RECONSTRUCTED,DRAW|PBASE_SCORE|GOVERNANCE,UNRESOLVED,,,,,
7856,7866,3,Remaining v1-C reconstruction,DRAW|PBASE_SCORE,UNRESOLVED,,,,,
7867,7887,3,ABSOLUTE NEXT STEP — Step22k,FOOTYSTATS|PBASE_SCORE|GOVERNANCE,UNRESOLVED,,,,,
7888,7905,3,Current project position,PBASE_SCORE|OOF_VALIDATION|GOVERNANCE,UNRESOLVED,,,,,
7906,7907,2,2026-09-14 STEP20 UPDATE — TOTO1654 FootyStats acquisition pipeline COMPLETE,FOOTYSTATS,UNRESOLVED,,,,,
7908,7916,3,Step20aa — Full FootyStats acquisition,FOOTYSTATS,UNRESOLVED,,,,,
7917,7923,3,Step20ab — RAW integrity,OTHER,UNRESOLVED,,,,,
7924,7935,3,Step20ac–ae — FULL RAW parser,FOOTYSTATS,UNRESOLVED,,,,,
7936,7944,3,Step20af — parser structure audit,OTHER,UNRESOLVED,,,,,
7945,7960,3,Step20ag–aj — NORMALIZED,FOOTYSTATS,UNRESOLVED,,,,,
7961,7973,3,Step20ak–al — FEATURE BLOCK,FOOTYSTATS,UNRESOLVED,,,,,
7974,7997,3,Step20am–ao — SEMANTIC,FOOTYSTATS|DATA_QUALITY,UNRESOLVED,,,,,
7998,8007,3,STEP20 final status,FOOTYSTATS|DATA_QUALITY,UNRESOLVED,,,,,
8008,8011,3,Next,FOOTYSTATS|PLAYER_XI|PBASE_SCORE|SIMULATION,UNRESOLVED,,,,,
8012,8056,2,Step22 v1-C exact reconstruction COMPLETE,FOOTYSTATS|JLEAGUE|DRAW|PBASE_SCORE|GOVERNANCE,UNRESOLVED,,,,,
8057,8116,2,Step23 Round1654 P_base COMPLETE,FOOTYSTATS|JLEAGUE|PBASE_SCORE|DATA_QUALITY|GOVERNANCE,UNRESOLVED,,,,,
8117,8164,2,Step24 Round1654 MATCH KARTE / P_final Initial Freeze COMPLETE,PLAYER_XI|PBASE_SCORE|OOF_VALIDATION|SIMULATION|TICKET_ALLOCATION|GOVERNANCE,UNRESOLVED,,,,,
8165,8166,2,2026-09-15 SESSION UPDATE,OTHER,UNRESOLVED,,,,,
8167,8214,3,Step23 Round1654 P_base COMPLETE,FOOTYSTATS|JLEAGUE|PBASE_SCORE|DATA_QUALITY,UNRESOLVED,,,,,
8215,8258,3,Step24 MATCH KARTE / P_final initial freeze COMPLETE,PLAYER_XI|PBASE_SCORE|OOF_VALIDATION|TICKET_ALLOCATION|GOVERNANCE,UNRESOLVED,,,,,
8259,8286,3,Step25 preliminary simulation / budget work,DRAW|SIMULATION|TICKET_ALLOCATION,UNRESOLVED,,,,,
8287,8316,2,SYSTEM DIRECTION REFINED,FOOTYSTATS|FOOTBALL_LAB|TOTOONE|JLEAGUE|DRAW|PLAYER_XI|PBASE_SCORE|SIMULATION|TICKET_ALLOCATION|AVAILABILITY_CONTEXT|GOVERNANCE,UNRESOLVED,,,,,
8317,8360,2,FootyStats role,FOOTYSTATS|PLAYER_XI|PBASE_SCORE,UNRESOLVED,,,,,
8361,8390,2,FootyStats Round1654 RAW inventory started,FOOTYSTATS|SIMULATION,UNRESOLVED,,,,,
8391,8459,2,FootyStats FULL RAW confirmed categories,FOOTYSTATS|PLAYER_XI,UNRESOLVED,,,,,
8460,8478,2,NEXT SESSION — PRIORITY ORDER,FOOTYSTATS|FOOTBALL_LAB|PLAYER_XI|PBASE_SCORE|SIMULATION|TICKET_ALLOCATION,UNRESOLVED,,,,,
8479,8480,2,2026-09-15 AM SESSION UPDATE,OTHER,UNRESOLVED,,,,,
8481,8504,3,FootyStats Round1654 deep analysis progressed substantially,FOOTYSTATS|SIMULATION,UNRESOLVED,,,,,
8505,8538,3,FootyStats-only Round1654 prediction,FOOTYSTATS|PBASE_SCORE,UNRESOLVED,,,,,
8539,8577,3,Timing / 90-minute simulation preparation,FOOTYSTATS|DRAW|SIMULATION|TICKET_ALLOCATION|GOVERNANCE,UNRESOLVED,,,,,
8578,8594,3,Next mandatory step,DRAW|SIMULATION,UNRESOLVED,,,,,
8595,8596,2,2026-09-16 NIGHT — STATE-8 to STATE-13c,GOVERNANCE,UNRESOLVED,,,,,
8597,8607,3,STATE-8 EXACT MATCH ENGINE,FOOTYSTATS|GOVERNANCE,UNRESOLVED,,,,,
8608,8618,3,SCORE-STATE CALIBRATION,JLEAGUE|PBASE_SCORE|OOF_VALIDATION|GOVERNANCE,UNRESOLVED,,,,,
8619,8637,3,STATE-9/10 P_BASE vs P_SIM,FOOTYSTATS|DRAW|PBASE_SCORE|GOVERNANCE,UNRESOLVED,,,,,
8638,8668,3,STATE-11 P_BASE DECOMPOSITION,FOOTYSTATS|JLEAGUE|PBASE_SCORE|GOVERNANCE,UNRESOLVED,,,,,
8669,8693,3,STATE-12 MULTISOURCE REVERSAL OOF,OOF_VALIDATION|GOVERNANCE,UNRESOLVED,,,,,
8694,8720,3,STATE-13 HISTORICAL FOOTYSTATS VENUE OOF,FOOTYSTATS|PBASE_SCORE|OOF_VALIDATION|DATA_QUALITY|GOVERNANCE,UNRESOLVED,,,,,
8721,8730,3,CURRENT PRODUCTION PRINCIPLE,FOOTYSTATS|PBASE_SCORE|OOF_VALIDATION|SIMULATION|GOVERNANCE,UNRESOLVED,,,,,
8731,8744,3,CURRENT 1654 RISK VIEW,OTHER,UNRESOLVED,,,,,
8745,8759,3,NEXT,FOOTYSTATS|FOOTBALL_LAB|TOTOONE|JLEAGUE|PBASE_SCORE|OOF_VALIDATION|TICKET_ALLOCATION|AVAILABILITY_CONTEXT|GOVERNANCE,UNRESOLVED,,,,,
8760,8761,2,2026-09-16 Daily Finish — STATE-15t〜16p,GOVERNANCE,UNRESOLVED,,,,,
8762,8790,3,完了,FOOTYSTATS|TOTOONE|JLEAGUE|PLAYER_XI|OOF_VALIDATION|SIMULATION|GOVERNANCE,UNRESOLVED,,,,,
8791,8801,3,AI学習 / 設計確定,FOOTYSTATS|JLEAGUE|PLAYER_XI|PBASE_SCORE|OOF_VALIDATION|SIMULATION|AVAILABILITY_CONTEXT|GOVERNANCE,UNRESOLVED,,,,,
8802,8817,3,次回,FOOTBALL_LAB|TOTOONE|JLEAGUE|PLAYER_XI|PBASE_SCORE|AVAILABILITY_CONTEXT|GOVERNANCE,UNRESOLVED,,,,,
8818,8822,3,現在地点,FOOTYSTATS|PLAYER_XI|PBASE_SCORE|OOF_VALIDATION|GOVERNANCE,UNRESOLVED,,,,,
8823,8826,3,絶対に次やること,TOTOONE|PLAYER_XI|GOVERNANCE,UNRESOLVED,,,,,
8827,8836,3,保留,FOOTYSTATS|FOOTBALL_LAB|JLEAGUE|PLAYER_XI|OOF_VALIDATION|SIMULATION|TICKET_ALLOCATION|GOVERNANCE,UNRESOLVED,,,,,
8837,8838,1,2026-09-17 UPDATE — STATE-17n3,GOVERNANCE,UNRESOLVED,,,,,
8839,8856,2,FootyStats 2026 player strength,FOOTYSTATS|PLAYER_XI|GOVERNANCE,UNRESOLVED,,,,,
8857,8875,2,JLeague canonical player identity,JLEAGUE|PLAYER_XI|GOVERNANCE,UNRESOLVED,,,,,
8876,8900,2,FootyStats <-> JLeague crosswalk,FOOTYSTATS|JLEAGUE|GOVERNANCE,UNRESOLVED,,,,,
8901,8931,2,STATE-17n3 FINAL,FOOTYSTATS|JLEAGUE|PLAYER_XI|OOF_VALIDATION|GOVERNANCE,UNRESOLVED,,,,,
8932,8958,2,NEXT,FOOTYSTATS|TOTOONE|PLAYER_XI|PBASE_SCORE|OOF_VALIDATION|SIMULATION|DATA_QUALITY|GOVERNANCE,UNRESOLVED,,,,,
8959,8960,2,2026-09-18 05:13 JST — toto1654 state update,GOVERNANCE,UNRESOLVED,,,,,
8961,8968,3,Production anchor,PBASE_SCORE|GOVERNANCE,UNRESOLVED,,,,,
8969,8975,3,Production coefficients,PLAYER_XI|GOVERNANCE,UNRESOLVED,,,,,
8976,8984,3,Score-state,PBASE_SCORE|OOF_VALIDATION|GOVERNANCE,UNRESOLVED,,,,,
8985,8993,3,PLAYER,TOTOONE|PLAYER_XI|AVAILABILITY_CONTEXT|GOVERNANCE,UNRESOLVED,,,,,
8994,9000,3,Football LAB tactical,FOOTBALL_LAB|DATA_QUALITY|GOVERNANCE,UNRESOLVED,,,,,
9001,9006,3,Dynamic / timing,FOOTYSTATS|PBASE_SCORE,UNRESOLVED,,,,,
9007,9013,3,Fatigue / rest,GOVERNANCE,UNRESOLVED,,,,,
9014,9021,3,Latest gates,PBASE_SCORE|OOF_VALIDATION|GOVERNANCE,UNRESOLVED,,,,,
9022,9026,3,Current safe state,PBASE_SCORE|GOVERNANCE,UNRESOLVED,,,,,
9027,9036,3,Next,PBASE_SCORE|OOF_VALIDATION|AVAILABILITY_CONTEXT|GOVERNANCE,UNRESOLVED,,,,,
9037,9040,2,2026-09-19 09:15 JST — toto1654 deadline-day update,OTHER,UNRESOLVED,,,,,
9041,9046,3,Last completed,PBASE_SCORE|GOVERNANCE,UNRESOLVED,,,,,
9047,9057,3,totoONE predicted XI,TOTOONE|PLAYER_XI|AVAILABILITY_CONTEXT|GOVERNANCE,UNRESOLVED,,,,,
9058,9065,3,New continental context,GOVERNANCE,UNRESOLVED,,,,,
9066,9074,3,Football LAB current state,FOOTBALL_LAB|DATA_QUALITY|GOVERNANCE,UNRESOLVED,,,,,
9075,9080,3,Simulation state,FOOTYSTATS|FOOTBALL_LAB|TOTOONE|PLAYER_XI|OOF_VALIDATION|SIMULATION|GOVERNANCE,UNRESOLVED,,,,,
9081,9088,3,Deadline-day next,FOOTBALL_LAB|TOTOONE|PLAYER_XI|SIMULATION|TICKET_ALLOCATION|AVAILABILITY_CONTEXT,UNRESOLVED,,,,,
9089,9121,2,2026-09-19 MAIN-128〜140 checkpoint,FOOTBALL_LAB|TOTOONE|PLAYER_XI|PBASE_SCORE|OOF_VALIDATION|SIMULATION|DATA_QUALITY|GOVERNANCE,UNRESOLVED,,,,,
9122,9166,2,2026-09-19 MAIN-141〜149 shadow sensor checkpoint,TOTOONE|PLAYER_XI|PBASE_SCORE|GOVERNANCE,UNRESOLVED,,,,,
9167,9187,2,MAIN-191 FINAL PURCHASE LOCK,PBASE_SCORE|SIMULATION|TICKET_ALLOCATION|GOVERNANCE,UNRESOLVED,,,,,
9188,9199,2,MAIN-192 SEMANTIC CORRECTION,DATA_QUALITY,UNRESOLVED,,,,,
9200,9212,2,MAIN-193 PAPER EVALUATION CONTRACT,OTHER,UNRESOLVED,,,,,
9213,9227,2,MAIN-195 MODEL EXPERIMENT REGISTRY,PLAYER_XI|PBASE_SCORE|GOVERNANCE,UNRESOLVED,,,,,
9228,9231,1,HANDOFF CHECKPOINT — 2026-09-19 17:47 JST,GOVERNANCE,UNRESOLVED,,,,,
9232,9245,2,Round 1654 — current frozen production state,PLAYER_XI|PBASE_SCORE|OOF_VALIDATION|TICKET_ALLOCATION|GOVERNANCE,UNRESOLVED,,,,,
9246,9263,2,Exact P_base 1X2,PBASE_SCORE,UNRESOLVED,,,,,
9264,9265,2,Phase ⑤ shadow probability transport — completed,OTHER,UNRESOLVED,,,,,
9266,9268,3,MAIN-234〜238,PLAYER_XI,UNRESOLVED,,,,,
9269,9284,3,MAIN-239,PLAYER_XI|PBASE_SCORE|OOF_VALIDATION|GOVERNANCE,UNRESOLVED,,,,,
9285,9299,3,MAIN-240,DRAW|PBASE_SCORE|GOVERNANCE,UNRESOLVED,,,,,
9300,9306,3,MAIN-241,OOF_VALIDATION|GOVERNANCE,UNRESOLVED,,,,,
9307,9323,3,MAIN-242,PLAYER_XI|PBASE_SCORE|OOF_VALIDATION|GOVERNANCE,UNRESOLVED,,,,,
9324,9343,3,MAIN-243,DRAW|PBASE_SCORE|SIMULATION|GOVERNANCE,UNRESOLVED,,,,,
9344,9365,2,Phase ⑥ — external/current information governance,FOOTYSTATS|TOTOONE|PLAYER_XI|PBASE_SCORE|OOF_VALIDATION|AVAILABILITY_CONTEXT|GOVERNANCE,UNRESOLVED,,,,,
9366,9409,2,Phase ⑦ — frozen 9600-yen-equivalent prediction snapshot,PBASE_SCORE|TICKET_ALLOCATION|GOVERNANCE,UNRESOLVED,,,,,
9410,9425,2,Longitudinal evaluation contract,PLAYER_XI|OOF_VALIDATION|GOVERNANCE,UNRESOLVED,,,,,
9426,9447,2,Immediate next-chat behavior,DRAW|PLAYER_XI|PBASE_SCORE|TICKET_ALLOCATION|GOVERNANCE,UNRESOLVED,,,,,
9448,9449,1,INTERIM POSTMATCH CHECKPOINT — 2026-09-19 21:29 JST,OTHER,UNRESOLVED,,,,,
9450,9464,2,"Round 1654 — 11/13 matches completed, provisional review",PBASE_SCORE,UNRESOLVED,,,,,
9465,9482,2,Current visible results — 11/13,DRAW,UNRESOLVED,,,,,
9483,9517,2,Provisional P_base Top1 status,PBASE_SCORE,UNRESOLVED,,,,,
9518,9525,2,Frozen 9600 PURE_PBASE ticket status,PBASE_SCORE|TICKET_ALLOCATION,UNRESOLVED,,,,,
9526,9547,3,No6 長崎－C大阪,DRAW|PBASE_SCORE|TICKET_ALLOCATION,UNRESOLVED,,,,,
9548,9570,3,No10 山形－富山,DRAW|PBASE_SCORE|TICKET_ALLOCATION,UNRESOLVED,,,,,
9571,9591,3,No11 藤枝－大宮,DRAW|PBASE_SCORE|TICKET_ALLOCATION,UNRESOLVED,,,,,
9592,9612,2,User observations at this checkpoint,DRAW|PBASE_SCORE|GOVERNANCE,UNRESOLVED,,,,,
9613,9616,2,Model error vs ticket allocation error,TICKET_ALLOCATION,UNRESOLVED,,,,,
9617,9637,3,Model layer,PBASE_SCORE,UNRESOLVED,,,,,
9638,9649,3,Ticket / finite-budget layer,TICKET_ALLOCATION,UNRESOLVED,,,,,
9650,9653,2,Postmatch research hypotheses — DO NOT ADOPT YET,OOF_VALIDATION,UNRESOLVED,,,,,
9654,9679,3,Hypothesis A — strong Top1 but symmetric residual tails,DRAW|TICKET_ALLOCATION,UNRESOLVED,,,,,
9680,9708,3,Hypothesis B — weak Top1 + meaningful draw probability,DRAW,UNRESOLVED,,,,,
9709,9732,3,Hypothesis C — draw omission risk in two-win-direction doubles,DRAW|OOF_VALIDATION|TICKET_ALLOCATION,UNRESOLVED,,,,,
9733,9755,2,Governance for tomorrow's full review,DRAW|OOF_VALIDATION|TICKET_ALLOCATION|GOVERNANCE,UNRESOLVED,,,,,
9756,9782,2,Current status,PBASE_SCORE,UNRESOLVED,,,,,
9783,9784,1,NIGHT CLOSE CHECKPOINT — 2026-09-19 — EWA PHASE-1,OTHER,UNRESOLVED,,,,,
9785,9799,2,Round1654 current state,PBASE_SCORE|GOVERNANCE,UNRESOLVED,,,,,
9800,9832,2,Main finding tonight,FOOTYSTATS|FOOTBALL_LAB|PBASE_SCORE|OOF_VALIDATION|TICKET_ALLOCATION|GOVERNANCE,UNRESOLVED,,,,,
9833,9862,2,No6 長崎-C大阪 audit,FOOTYSTATS|FOOTBALL_LAB|TOTOONE|DRAW|PBASE_SCORE|GOVERNANCE,UNRESOLVED,,,,,
9863,9905,2,No11 藤枝-大宮 audit,FOOTYSTATS|FOOTBALL_LAB|TOTOONE|DRAW|PBASE_SCORE,UNRESOLVED,,,,,
9906,9923,2,EVIDENCE / WARNING / ALLOCATION formal direction,PBASE_SCORE|OOF_VALIDATION|TICKET_ALLOCATION,UNRESOLVED,,,,,
9924,9952,2,EWA v0.1 primary warning variables,DRAW|PBASE_SCORE|OOF_VALIDATION|TICKET_ALLOCATION|DATA_QUALITY,UNRESOLVED,,,,,
9953,9970,2,Historical evidence already known,DRAW|TICKET_ALLOCATION,UNRESOLVED,,,,,
9971,9993,2,Data-quality principle,OOF_VALIDATION|AVAILABILITY_CONTEXT|DATA_QUALITY,UNRESOLVED,,,,,
9994,10006,2,Planned formal files,TICKET_ALLOCATION,UNRESOLVED,,,,,
10007,10029,2,EWA Phase-1 next session,OOF_VALIDATION|TICKET_ALLOCATION|GOVERNANCE,UNRESOLVED,,,,,
10030,10045,2,Historical availability constraints,DRAW|PLAYER_XI|PBASE_SCORE|OOF_VALIDATION|AVAILABILITY_CONTEXT,UNRESOLVED,,,,,
10046,10064,2,Simulation status,PBASE_SCORE|SIMULATION|TICKET_ALLOCATION,UNRESOLVED,,,,,
10065,10082,2,Current conclusion,OOF_VALIDATION|SIMULATION,UNRESOLVED,,,,,
10083,10084,1,EWA V0.2 FORMALIZATION CHECKPOINT — 2026-09-20,OTHER,UNRESOLVED,,,,,
10085,10097,2,Purpose,PBASE_SCORE|TICKET_ALLOCATION,UNRESOLVED,,,,,
10098,10114,2,Governance,PBASE_SCORE|TICKET_ALLOCATION|GOVERNANCE,UNRESOLVED,,,,,
10115,10135,2,EWA v0.2 artifacts created,TICKET_ALLOCATION,UNRESOLVED,,,,,
10136,10155,2,Critical v0.2 distinction,OTHER,UNRESOLVED,,,,,
10156,10178,2,Round1654 allocation review matches,TOTOONE|DRAW|PBASE_SCORE|TICKET_ALLOCATION,UNRESOLVED,,,,,
10179,10206,2,Warning families,TOTOONE|DRAW|PBASE_SCORE|TICKET_ALLOCATION|DATA_QUALITY,UNRESOLVED,,,,,
10207,10254,2,Historical OOF facts already established,DRAW|OOF_VALIDATION|TICKET_ALLOCATION,UNRESOLVED,,,,,
10255,10267,2,Safety correction,TICKET_ALLOCATION,UNRESOLVED,,,,,
10268,10279,2,Current interpretation,TICKET_ALLOCATION,UNRESOLVED,,,,,
10280,10306,2,Next task,DRAW|PBASE_SCORE|TICKET_ALLOCATION,UNRESOLVED,,,,,
10307,10308,1,MORNING CLOSE CHECKPOINT — 2026-09-20 — EWA HISTORICAL TARGET ABSORPTION,OTHER,UNRESOLVED,,,,,
10309,10329,2,Current EWA state,PBASE_SCORE|TICKET_ALLOCATION|GOVERNANCE,UNRESOLVED,,,,,
10330,10373,2,Historical portfolio dataset,OOF_VALIDATION|TICKET_ALLOCATION,UNRESOLVED,,,,,
10374,10401,2,Historical external-opposition target definition,FOOTYSTATS|JLEAGUE|PBASE_SCORE,UNRESOLVED,,,,,
10402,10451,2,Historical target absorption result,TICKET_ALLOCATION,UNRESOLVED,,,,,
10452,10504,2,DRAW_PRESS target audit,DRAW|PBASE_SCORE|TICKET_ALLOCATION,UNRESOLVED,,,,,
10505,10520,2,Main learning from this morning,PBASE_SCORE|TICKET_ALLOCATION,UNRESOLVED,,,,,
10521,10539,2,Production decision,DRAW|PBASE_SCORE|TICKET_ALLOCATION|GOVERNANCE,UNRESOLVED,,,,,
10540,10567,2,EWA v0.3 status,DRAW|TICKET_ALLOCATION,UNRESOLVED,,,,,
10568,10599,2,Absolute next task,DRAW|PBASE_SCORE|TICKET_ALLOCATION|GOVERNANCE,UNRESOLVED,,,,,
10600,10600,1,2026-09-21 — NIGHT CLOSE CHECKPOINT,OTHER,UNRESOLVED,,,,,
10601,10602,2,ROUND1656 / VARIABLE-BUDGET EWA / DATA-USAGE AUDIT,OTHER,UNRESOLVED,,,,,
10603,10618,3,1. ROUND TARGET CORRECTION,GOVERNANCE,UNRESOLVED,,,,,
10619,10673,3,2. VARIABLE-BUDGET ALLOCATION DESIGN,PBASE_SCORE|TICKET_ALLOCATION|GOVERNANCE,UNRESOLVED,,,,,
10674,10715,3,3. GOOGLE SHEETS AUDIT DESIGN,FOOTYSTATS|FOOTBALL_LAB|TOTOONE|DRAW|PBASE_SCORE|TICKET_ALLOCATION,UNRESOLVED,,,,,
10716,10748,3,4. MATCH AUDIT AUTO-BUILDER,PBASE_SCORE|TICKET_ALLOCATION|DATA_QUALITY,UNRESOLVED,,,,,
10749,10777,3,5. FOOTYSTATS / FOOTBALL LAB DATA-USAGE POLICY,FOOTYSTATS|FOOTBALL_LAB|PBASE_SCORE|OOF_VALIDATION|TICKET_ALLOCATION|DATA_QUALITY|GOVERNANCE,UNRESOLVED,,,,,
10778,10813,3,6. FOOTYSTATS USAGE PRINCIPLES,FOOTYSTATS|PLAYER_XI|DATA_QUALITY,UNRESOLVED,,,,,
10814,10838,3,7. FOOTBALL LAB USAGE PRINCIPLES,FOOTBALL_LAB|PLAYER_XI|OOF_VALIDATION|DATA_QUALITY|GOVERNANCE,UNRESOLVED,,,,,
10839,10877,3,8. FEATURE USAGE AUDIT SCRIPT STATUS,FOOTYSTATS|FOOTBALL_LAB|DATA_QUALITY,UNRESOLVED,,,,,
10878,10919,3,9. ROUND1656 NEXT ACQUISITION,FOOTYSTATS|FOOTBALL_LAB|PBASE_SCORE|DATA_QUALITY,UNRESOLVED,,,,,
10920,10940,3,10. GOVERNANCE CARRYOVER,PBASE_SCORE|TICKET_ALLOCATION|DATA_QUALITY|GOVERNANCE,UNRESOLVED,,,,,
10941,10957,3,NIGHT CLOSE STATUS,FOOTYSTATS|FOOTBALL_LAB|PBASE_SCORE,UNRESOLVED,,,,,
10958,10958,1,2026-09-21 — MATCH ENGINE DIRECTION CHECKPOINT,OTHER,UNRESOLVED,,,,,
10959,10960,2,ROUND1656 — FULL FOOTYSTATS + FOOTBALL LAB 90-MINUTE SIMULATION,FOOTYSTATS|FOOTBALL_LAB|SIMULATION,UNRESOLVED,,,,,
10961,10996,3,1. CORE OBJECTIVE,FOOTYSTATS|FOOTBALL_LAB|DRAW|PBASE_SCORE|SIMULATION|TICKET_ALLOCATION|DATA_QUALITY,UNRESOLVED,,,,,
10997,11045,3,2. FOOTYSTATS ROLE,FOOTYSTATS|PLAYER_XI|DATA_QUALITY,UNRESOLVED,,,,,
11046,11113,3,3. FOOTBALL LAB ROLE,FOOTBALL_LAB|PLAYER_XI,UNRESOLVED,,,,,
11114,11166,3,4. ALL-PARAMETER USAGE PRINCIPLE,DRAW|PLAYER_XI|OOF_VALIDATION|DATA_QUALITY|GOVERNANCE,UNRESOLVED,,,,,
11167,11215,3,5. MATCHUP PRINCIPLE,FOOTYSTATS|FOOTBALL_LAB|PLAYER_XI,UNRESOLVED,,,,,
11216,11261,3,6. MATCH FLOW ENGINE,DRAW|PBASE_SCORE|SIMULATION|GOVERNANCE,UNRESOLVED,,,,,
11262,11277,3,7. HISTORICAL FEEDBACK — WINS / LOSSES,FOOTYSTATS,UNRESOLVED,,,,,
11278,11288,4,PBASE_ISOLATION,PBASE_SCORE|SIMULATION,UNRESOLVED,,,,,
11289,11305,4,HIDDEN_DRAW,DRAW|SIMULATION,UNRESOLVED,,,,,
11306,11314,4,PROCESS_VS_RESULT_SPLIT,SIMULATION,UNRESOLVED,,,,,
11315,11324,4,FINISHING_OVERPERFORMANCE,SIMULATION,UNRESOLVED,,,,,
11325,11333,4,FINISHING_UNDERPERFORMANCE,SIMULATION,UNRESOLVED,,,,,
11334,11345,4,PRESS_BUILDUP_MISMATCH,SIMULATION,UNRESOLVED,,,,,
11346,11354,4,COUNTER_EXPOSURE,SIMULATION,UNRESOLVED,,,,,
11355,11364,4,SCORE_STATE_EFFECT,GOVERNANCE,UNRESOLVED,,,,,
11365,11379,4,LINEUP_POWER_DROP,PLAYER_XI,UNRESOLVED,,,,,
11380,11386,4,DATA_TEMPLATE_RISK,DATA_QUALITY,UNRESOLVED,,,,,
11387,11411,3,8. HISTORICAL LESSONS TO PRESERVE,FOOTYSTATS|DRAW|PBASE_SCORE|TICKET_ALLOCATION|DATA_QUALITY,UNRESOLVED,,,,,
11412,11444,3,9. ROUND1654 LESSON,FOOTYSTATS|FOOTBALL_LAB|DRAW|PBASE_SCORE|SIMULATION|AVAILABILITY_CONTEXT|GOVERNANCE,UNRESOLVED,,,,,
11445,11467,3,10. P_BASE ROLE,DRAW|PBASE_SCORE,UNRESOLVED,,,,,
11468,11497,3,11. REQUIRED OUTPUT PER MATCH,DRAW|PBASE_SCORE,UNRESOLVED,,,,,
11498,11523,3,12. DEVELOPMENT ORDER FOR ROUND1656,FOOTYSTATS|FOOTBALL_LAB|PBASE_SCORE|SIMULATION|TICKET_ALLOCATION|DATA_QUALITY,UNRESOLVED,,,,,
11524,11560,3,13. NEXT SESSION PRIMARY GOAL,FOOTYSTATS|FOOTBALL_LAB|PBASE_SCORE|SIMULATION|TICKET_ALLOCATION|GOVERNANCE,UNRESOLVED,,,,,
11561,11561,1,2026-09-21 — MATCH ENGINE MORNING CHECKPOINT,OTHER,UNRESOLVED,,,,,
11562,11563,2,ROUND1656 — PROCESS EVENT BASELINE v02 COMPLETE,OTHER,UNRESOLVED,,,,,
11564,11585,3,CURRENT ROUND,OTHER,UNRESOLVED,,,,,
11586,11587,2,2026-09-21 — ROUND1656 PROCESS EVENT BASELINE v02 CHECKPOINT,OTHER,UNRESOLVED,,,,,
11588,11630,3,ENGINE DIRECTION,FOOTYSTATS|FOOTBALL_LAB|DRAW|PLAYER_XI|PBASE_SCORE|SIMULATION|TICKET_ALLOCATION|AVAILABILITY_CONTEXT|GOVERNANCE,UNRESOLVED,,,,,
11631,11671,3,FOOTYSTATS ROUND1656 — COMPLETE,FOOTYSTATS|DATA_QUALITY,UNRESOLVED,,,,,
11672,11701,3,FOOTYSTATS PROCESS FIELDS — COMPLETE,FOOTYSTATS,UNRESOLVED,,,,,
11702,11736,3,FOOTBALL LAB ROUND1656 — COMPLETE THROUGH MATCHUP MATRIX,FOOTBALL_LAB|PLAYER_XI|DATA_QUALITY,UNRESOLVED,,,,,
11737,11776,3,MATCH ENGINE INPUT / PARAMETER MATRIX,FOOTYSTATS|FOOTBALL_LAB|PLAYER_XI|GOVERNANCE,UNRESOLVED,,,,,
11777,11815,3,VALIDATED SCORE-STATE LAYER — PRESERVE,JLEAGUE|DRAW|PBASE_SCORE|OOF_VALIDATION|GOVERNANCE,UNRESOLVED,,,,,
11816,11847,3,ROUND1656 DYNAMIC EXACT CONTROL — COMPLETE,GOVERNANCE,UNRESOLVED,,,,,
11848,11866,3,10-BIN MONTE CARLO CONTROL — COMPLETE,PBASE_SCORE|SIMULATION,UNRESOLVED,,,,,
11867,11907,3,MINUTE MATCH FLOW CONTROL — COMPLETE,FOOTYSTATS|DRAW|SIMULATION|GOVERNANCE,UNRESOLVED,,,,,
11908,11928,3,MINUTE EXACT CONTROL — COMPLETE,PBASE_SCORE|GOVERNANCE,UNRESOLVED,,,,,
11929,11946,3,MINUTE MONTE CARLO 100K — COMPLETE,SIMULATION,UNRESOLVED,,,,,
11947,11977,3,PROCESS SIGNAL AUDIT — COMPLETE,FOOTYSTATS|FOOTBALL_LAB|DATA_QUALITY,UNRESOLVED,,,,,
11978,12018,3,PROCESS TRANSPORT CONTRACT / LOCAL SENSITIVITY — COMPLETE,FOOTBALL_LAB|DATA_QUALITY|GOVERNANCE,UNRESOLVED,,,,,
12019,12073,3,PROCESS CHANNEL CONTRACT — COMPLETE,DATA_QUALITY|GOVERNANCE,UNRESOLVED,,,,,
12074,12102,3,PROCESS EVENT BASELINE v01 — REJECTED,FOOTYSTATS|DATA_QUALITY,UNRESOLVED,,,,,
12103,12200,3,PROCESS EVENT BASELINE v02 — COMPLETE,FOOTYSTATS|GOVERNANCE,UNRESOLVED,,,,,
12201,12235,3,CURRENT MODEL GOVERNANCE,FOOTYSTATS|FOOTBALL_LAB|PLAYER_XI|PBASE_SCORE|OOF_VALIDATION|DATA_QUALITY|GOVERNANCE,UNRESOLVED,,,,,
12236,12288,3,NEXT START POINT,FOOTYSTATS|PBASE_SCORE|SIMULATION|GOVERNANCE,UNRESOLVED,,,,,
12289,12302,3,CANONICAL HANDOFF,OOF_VALIDATION|GOVERNANCE,UNRESOLVED,,,,,
12303,12304,2,2026-09-22 Round1656 forensic / OOF update,OOF_VALIDATION,UNRESOLVED,,,,,
12305,12313,3,P_base vs process divergence,FOOTYSTATS|JLEAGUE|PBASE_SCORE,UNRESOLVED,,,,,
12314,12319,3,Stage2 forensic,OTHER,UNRESOLVED,,,,,
12320,12335,3,FootyStats semantic split,FOOTYSTATS|DATA_QUALITY,UNRESOLVED,,,,,
12336,12368,3,Historical OOF comparison,FOOTYSTATS|PBASE_SCORE|OOF_VALIDATION,UNRESOLVED,,,,,
12369,12392,3,Walk-forward stack test,FOOTYSTATS|PBASE_SCORE|OOF_VALIDATION|GOVERNANCE,UNRESOLVED,,,,,
12393,12401,3,Current next step,PBASE_SCORE,UNRESOLVED,,,,,
12402,12410,3,Still pending,PLAYER_XI|OOF_VALIDATION|SIMULATION|TICKET_ALLOCATION|AVAILABILITY_CONTEXT|GOVERNANCE,UNRESOLVED,,,,,
12411,12412,2,2026-09-22 Match-flow / XI / 1M Worlds roadmap update,SIMULATION,UNRESOLVED,,,,,
12413,12414,3,Current capability status,OTHER,UNRESOLVED,,,,,
12415,12424,4,FootyStats,FOOTYSTATS|PLAYER_XI|OOF_VALIDATION|SIMULATION|DATA_QUALITY|GOVERNANCE,UNRESOLVED,,,,,
12425,12444,4,Football LAB,FOOTBALL_LAB|OOF_VALIDATION|DATA_QUALITY|GOVERNANCE,UNRESOLVED,,,,,
12445,12482,3,XI / player-strength layer,FOOTYSTATS|FOOTBALL_LAB|JLEAGUE|PLAYER_XI|AVAILABILITY_CONTEXT|DATA_QUALITY,UNRESOLVED,,,,,
12483,12507,3,1M simulation status,DRAW|SIMULATION|GOVERNANCE,UNRESOLVED,,,,,
12508,12519,3,"1,000,000 WORLDS concept",DRAW|SIMULATION,UNRESOLVED,,,,,
12520,12525,4,Core outcome,DRAW,UNRESOLVED,,,,,
12526,12535,4,Match path,DRAW,UNRESOLVED,,,,,
12536,12559,4,Story classification,SIMULATION,UNRESOLVED,,,,,
12560,12581,3,Time-profile integration,GOVERNANCE,UNRESOLVED,,,,,
12582,12632,3,Hot-zone / attack-route integration,FOOTYSTATS|FOOTBALL_LAB|JLEAGUE|PLAYER_XI,UNRESOLVED,,,,,
12633,12671,3,Target Match DNA,DRAW|AVAILABILITY_CONTEXT|GOVERNANCE,UNRESOLVED,,,,,
12672,12717,3,Desired future simulation architecture,FOOTYSTATS|FOOTBALL_LAB|DRAW|PLAYER_XI|PBASE_SCORE|SIMULATION|TICKET_ALLOCATION|AVAILABILITY_CONTEXT|GOVERNANCE,UNRESOLVED,,,,,
12718,12728,3,Current priority order,PLAYER_XI|OOF_VALIDATION|SIMULATION|TICKET_ALLOCATION|GOVERNANCE,UNRESOLVED,,,,,
12729,12744,3,Core design principle,DRAW|PLAYER_XI|PBASE_SCORE|SIMULATION|GOVERNANCE,UNRESOLVED,,,,,
12745,12746,2,CHECKPOINT 2026-09-23 02:26 JST — HISTORICAL FS PROCESS OOF,OOF_VALIDATION,UNRESOLVED,,,,,
12747,12777,3,Daily Finish,FOOTYSTATS|DRAW|PBASE_SCORE|DATA_QUALITY,UNRESOLVED,,,,,
12778,12794,3,R5 single-channel OOF,OOF_VALIDATION,UNRESOLVED,,,,,
12795,12816,3,R10 single-channel OOF,PBASE_SCORE|OOF_VALIDATION,UNRESOLVED,,,,,
12817,12890,3,R10 SHOT + POSSESSION OOF,FOOTYSTATS|FOOTBALL_LAB|TOTOONE|PLAYER_XI|PBASE_SCORE|OOF_VALIDATION|SIMULATION|TICKET_ALLOCATION|GOVERNANCE,UNRESOLVED,,,,,
12891,12901,3,Production Guards,PLAYER_XI|PBASE_SCORE|SIMULATION|GOVERNANCE,UNRESOLVED,,,,,
12902,12941,2,本部報告,FOOTYSTATS|PBASE_SCORE|OOF_VALIDATION|DATA_QUALITY|GOVERNANCE,UNRESOLVED,,,,,
12942,12943,2,CHECKPOINT 2026-09-24 — ROUND1656 EXACT FS R10 MATERIALIZED,OTHER,UNRESOLVED,,,,,
12944,12982,3,Objective reached,FOOTYSTATS,UNRESOLVED,,,,,
12983,13038,3,FootyStats current-data recovery,FOOTYSTATS|OOF_VALIDATION|DATA_QUALITY|GOVERNANCE,UNRESOLVED,,,,,
13039,13060,3,2026 combined actual source,FOOTYSTATS,UNRESOLVED,,,,,
13061,13077,3,Round1656 team R10 prematch materialization,DATA_QUALITY,UNRESOLVED,,,,,
13078,13126,3,Round1656 exact FS R10 SHOT_GENERATION feature,OTHER,UNRESOLVED,,,,,
13127,13163,3,Research / production status,FOOTYSTATS|JLEAGUE|PBASE_SCORE|OOF_VALIDATION|DATA_QUALITY|GOVERNANCE,UNRESOLVED,,,,,
13164,13165,2,CHECKPOINT 2026-09-24 — R10 SHOT TRANSPORT + MORNING DATA REFRESH,OTHER,UNRESOLVED,,,,,
13166,13233,3,1. Historical R10 SHOT_GENERATION lineage — COMPLETE,DRAW|PBASE_SCORE|OOF_VALIDATION|GOVERNANCE,UNRESOLVED,,,,,
13234,13273,3,2. 2026 forward research refit — COMPLETE,OOF_VALIDATION|GOVERNANCE,UNRESOLVED,,,,,
13274,13330,3,3. Round1656 canonical P_base score-grid contract audit,DRAW|PBASE_SCORE|OOF_VALIDATION|GOVERNANCE,UNRESOLVED,,,,,
13331,13385,3,4. Round1656 R10 SHOT research transport — COMPLETE,PBASE_SCORE|GOVERNANCE,UNRESOLVED,,,,,
13386,13421,3,5. 2026-09-24 morning current-information review,FOOTYSTATS|FOOTBALL_LAB|TOTOONE|JLEAGUE|AVAILABILITY_CONTEXT|GOVERNANCE,UNRESOLVED,,,,,
13422,13531,3,6. FootyStats Round1656 morning refresh — COMPLETE,FOOTYSTATS|PBASE_SCORE|GOVERNANCE,UNRESOLVED,,,,,
13532,13613,3,7. Football LAB 2026 morning refresh — RAW ACQUISITION COMPLETE,FOOTBALL_LAB|PLAYER_XI|DATA_QUALITY|GOVERNANCE,UNRESOLVED,,,,,
13614,13673,3,8. NEXT START POINT,FOOTYSTATS|FOOTBALL_LAB|TOTOONE|JLEAGUE|PBASE_SCORE|TICKET_ALLOCATION|AVAILABILITY_CONTEXT|DATA_QUALITY|GOVERNANCE,UNRESOLVED,,,,,
13674,13687,3,9. CANONICAL HANDOFF,FOOTYSTATS|FOOTBALL_LAB|GOVERNANCE,UNRESOLVED,,,,,
13688,13689,2,CHECKPOINT 2026-09-25 — ROUND1656 FS+FL COMBINED + CONTROL REPRO PASS,OTHER,UNRESOLVED,,,,,
13690,13706,3,STATUS,FOOTYSTATS|FOOTBALL_LAB|PBASE_SCORE|GOVERNANCE,UNRESOLVED,,,,,
13707,13728,3,ROUND1656 CARD,OTHER,UNRESOLVED,,,,,
13729,13770,3,FOOTYSTATS 2026 ROUND1656 REFRESH,FOOTYSTATS|GOVERNANCE,UNRESOLVED,,,,,
13771,13789,3,FOOTYSTATS V05 -> ENGINE CONTRACT,FOOTYSTATS,UNRESOLVED,,,,,
13790,13826,3,FOOTYSTATS REFRESH -> PARAMETER MATRIX TRANSPORT,FOOTYSTATS,UNRESOLVED,,,,,
13827,13896,3,FOOTYSTATS PROCESS FORMULA CONTRACT,FOOTYSTATS|GOVERNANCE,UNRESOLVED,,,,,
13897,13930,3,FOOTBALL LAB ROUND1656 REFRESH,FOOTBALL_LAB|DATA_QUALITY|GOVERNANCE,UNRESOLVED,,,,,
13931,13996,3,COMBINED FS + FL RESEARCH ENGINE,FOOTYSTATS|FOOTBALL_LAB|PBASE_SCORE|GOVERNANCE,UNRESOLVED,,,,,
13997,14050,3,MINUTE MATCHFLOW CONSUMER CONTRACT,FOOTYSTATS|PLAYER_XI|SIMULATION|GOVERNANCE,UNRESOLVED,,,,,
14051,14109,3,CURRENT ROUND1656 CONTROL FORMULA REPRODUCTION,FOOTYSTATS|GOVERNANCE,UNRESOLVED,,,,,
14110,14140,3,XI / PLAYER LAYER,PLAYER_XI|SIMULATION|AVAILABILITY_CONTEXT|GOVERNANCE,UNRESOLVED,,,,,
14141,14168,3,PUBLIC / CURRENT INFORMATION LAYER,TOTOONE|JLEAGUE|PLAYER_XI|SIMULATION|TICKET_ALLOCATION|AVAILABILITY_CONTEXT,UNRESOLVED,,,,,
14169,14202,3,SIMULATION TARGET,FOOTYSTATS|FOOTBALL_LAB|PLAYER_XI|PBASE_SCORE|SIMULATION|TICKET_ALLOCATION|AVAILABILITY_CONTEXT|GOVERNANCE,UNRESOLVED,,,,,
14203,14214,3,P_BASE GOVERNANCE,PBASE_SCORE|GOVERNANCE,UNRESOLVED,,,,,
14215,14270,3,NEXT WORK — RESUME HERE,FOOTYSTATS|PLAYER_XI|PBASE_SCORE|SIMULATION|TICKET_ALLOCATION|AVAILABILITY_CONTEXT|GOVERNANCE,UNRESOLVED,,,,,
14271,14284,3,NON-NEGOTIABLE GOVERNANCE,PLAYER_XI|PBASE_SCORE|SIMULATION|GOVERNANCE,UNRESOLVED,,,,,
14285,14386,3,STORY LAYER / ENTERTAINMENT PRESENTATION,DRAW|PBASE_SCORE|SIMULATION|GOVERNANCE,UNRESOLVED,,,,,
14387,14515,3,ROUND1656 MATCHDAY EXECUTION PLAN / 2026-09-26,FOOTYSTATS|FOOTBALL_LAB|TOTOONE|JLEAGUE|DRAW|PLAYER_XI|PBASE_SCORE|SIMULATION|TICKET_ALLOCATION|AVAILABILITY_CONTEXT|GOVERNANCE,UNRESOLVED,,,,,
14516,14628,2,ROUND1656 POST-ACTUAL-LINEUP RESEARCH STATUS — 2026-09-26,FOOTYSTATS|FOOTBALL_LAB|JLEAGUE|PLAYER_XI|PBASE_SCORE|TICKET_ALLOCATION|GOVERNANCE,UNRESOLVED,,,,,
14629,14630,1,TOTO LABO — PARTICIPATION / POSTMORTEM HISTORY v0.1,OTHER,UNRESOLVED,,,,,
14631,14645,2,Purpose,PBASE_SCORE|TICKET_ALLOCATION|GOVERNANCE,UNRESOLVED,,,,,
14646,14665,2,Participation history,PBASE_SCORE|GOVERNANCE,UNRESOLVED,,,,,
14666,14667,1,POSTMORTEM 1 — ROUND1653,OTHER,UNRESOLVED,,,,,
14668,14684,2,Main failures / observations,DRAW|TICKET_ALLOCATION,UNRESOLVED,,,,,
14685,14713,2,Main lesson,DRAW,UNRESOLVED,,,,,
14714,14732,2,Governance learned,DRAW|PBASE_SCORE|GOVERNANCE,UNRESOLVED,,,,,
14733,14734,1,POSTMORTEM 2 — ROUND1654,OTHER,UNRESOLVED,,,,,
14735,14751,2,Main allocation lesson,DRAW|PBASE_SCORE|TICKET_ALLOCATION|GOVERNANCE,UNRESOLVED,,,,,
14752,14772,2,Model error vs allocation error,TICKET_ALLOCATION,UNRESOLVED,,,,,
14773,14782,2,Historical warning lessons,DRAW|TICKET_ALLOCATION,UNRESOLVED,,,,,
14783,14822,2,Simulation lesson,FOOTYSTATS|FOOTBALL_LAB|DRAW|PBASE_SCORE|SIMULATION|AVAILABILITY_CONTEXT|GOVERNANCE,UNRESOLVED,,,,,
14823,14824,1,POSTMORTEM 3 — ROUND1656,OTHER,UNRESOLVED,,,,,
14825,14840,2,Final result,DRAW,UNRESOLVED,,,,,
14841,14856,2,Finalist ticket result,DRAW|TICKET_ALLOCATION,UNRESOLVED,,,,,
14857,14886,2,DRAW warning failure,DRAW|PBASE_SCORE|TICKET_ALLOCATION,UNRESOLVED,,,,,
14887,14912,2,Historical draw-count audit,DRAW,UNRESOLVED,,,,,
14913,14934,2,Round1656 model draw-count structure,DRAW|PBASE_SCORE,UNRESOLVED,,,,,
14935,14956,2,Round1656 portfolio mismatch,DRAW|PBASE_SCORE|TICKET_ALLOCATION,UNRESOLVED,,,,,
14957,14987,2,Historical BASELINE96 discovery,DRAW|GOVERNANCE,UNRESOLVED,,,,,
14988,15018,2,Negative experiment — do not create a bad hard rule,DRAW,UNRESOLVED,,,,,
15019,15049,2,Durable Round1656 lesson,DRAW|PBASE_SCORE|TICKET_ALLOCATION,UNRESOLVED,,,,,
15050,15079,2,Round1656 simulation/process lesson,SIMULATION|AVAILABILITY_CONTEXT|GOVERNANCE,UNRESOLVED,,,,,
15080,15083,1,CROSS-ROUND DURABLE LESSONS,OTHER,UNRESOLVED,,,,,
15084,15090,2,1. P_base anchor,PBASE_SCORE|GOVERNANCE,UNRESOLVED,,,,,
15091,15103,2,2. LOSS PATH review,OTHER,UNRESOLVED,,,,,
15104,15114,2,3. DRAW is strategic,DRAW,UNRESOLVED,,,,,
15115,15127,2,4. Warning target absorption,TICKET_ALLOCATION,UNRESOLVED,,,,,
15128,15135,2,5. Model vs allocation,TICKET_ALLOCATION,UNRESOLVED,,,,,
15136,15146,2,6. Round-level portfolio QA,DRAW|TICKET_ALLOCATION,UNRESOLVED,,,,,
15147,15154,2,7. Do not count-match mechanically,DRAW|TICKET_ALLOCATION,UNRESOLVED,,,,,
15155,15164,2,8. Research-only evidence governance,FOOTYSTATS|FOOTBALL_LAB|OOF_VALIDATION|GOVERNANCE,UNRESOLVED,,,,,
15165,15171,2,9. Correlated signals,DATA_QUALITY,UNRESOLVED,,,,,
15172,15178,2,10. Missing data,DATA_QUALITY,UNRESOLVED,,,,,
15179,15214,1,FUTURE POSTMORTEM ENTRY RULE,DRAW|PBASE_SCORE|OOF_VALIDATION|TICKET_ALLOCATION|GOVERNANCE,UNRESOLVED,,,,,
15215,15216,1,CHECKPOINT 2026-09-27 11:09 JST — SEMANTIC UNDERSTANDING / REDUNDANCY AUDIT,DATA_QUALITY,UNRESOLVED,,,,,
15217,15233,2,Purpose,FOOTYSTATS|FOOTBALL_LAB|DATA_QUALITY|GOVERNANCE,UNRESOLVED,,,,,
15234,15235,2,1. EXISTING FOOTYSTATS KNOWLEDGE — RECONFIRMED,FOOTYSTATS,UNRESOLVED,,,,,
15236,15253,3,Official / legacy pre-match xG,FOOTYSTATS|JLEAGUE|PBASE_SCORE|GOVERNANCE,UNRESOLVED,,,,,
15254,15264,3,Deep fs_mu,FOOTYSTATS,UNRESOLVED,,,,,
15265,15291,3,Historical OOF comparison already completed,FOOTYSTATS|PBASE_SCORE|OOF_VALIDATION,UNRESOLVED,,,,,
15292,15322,3,Walk-forward stacking already tested,FOOTYSTATS|PBASE_SCORE|OOF_VALIDATION|GOVERNANCE,UNRESOLVED,,,,,
15323,15355,2,2. FOOTYSTATS SEMANTIC LINEAGE — RECONFIRMED,FOOTYSTATS|DATA_QUALITY,UNRESOLVED,,,,,
15356,15387,2,3. FOOTYSTATS TIMING V05 — EXACT FORMULA UNDERSTOOD,FOOTYSTATS,UNRESOLVED,,,,,
15388,15424,2,4. FOOTBALL LAB — OFFICIAL CBP MEANING AUDIT,FOOTBALL_LAB|PLAYER_XI|DATA_QUALITY,UNRESOLVED,,,,,
15425,15493,2,5. CRITICAL FOOTBALL LAB REDUNDANCY FINDING,FOOTBALL_LAB|DATA_QUALITY|GOVERNANCE,UNRESOLVED,,,,,
15494,15545,2,6. OLD FOOTBALL LAB PROCESS — STATUS CHANGE,FOOTBALL_LAB|DATA_QUALITY,UNRESOLVED,,,,,
15546,15567,2,7. OLD PROCESS DOWNSTREAM DEPENDENCY AUDIT,FOOTBALL_LAB|DATA_QUALITY,UNRESOLVED,,,,,
15568,15569,2,8. OLD PROCESS DECISION PATH — EXACT IMPACT,OTHER,UNRESOLVED,,,,,
15570,15593,3,Cross-source semantic layer,FOOTYSTATS|DATA_QUALITY|GOVERNANCE,UNRESOLVED,,,,,
15594,15646,3,EWA v02,FOOTYSTATS|FOOTBALL_LAB|TOTOONE|PBASE_SCORE|TICKET_ALLOCATION|GOVERNANCE,UNRESOLVED,,,,,
15647,15660,3,Generic Match Audit,FOOTBALL_LAB|PBASE_SCORE,UNRESOLVED,,,,,
15661,15689,2,9. ROUND1657 GOVERNANCE AFTER THIS AUDIT,FOOTBALL_LAB|OOF_VALIDATION|AVAILABILITY_CONTEXT|DATA_QUALITY|GOVERNANCE,UNRESOLVED,,,,,
15690,15720,2,10. PROJECT KNOWLEDGE MANAGEMENT RULE — NEW,PBASE_SCORE|OOF_VALIDATION|TICKET_ALLOCATION|DATA_QUALITY|GOVERNANCE,UNRESOLVED,,,,,
15721,15746,2,11. CURRENT SAFE STATE,FOOTYSTATS|FOOTBALL_LAB|PBASE_SCORE|TICKET_ALLOCATION|DATA_QUALITY|GOVERNANCE,UNRESOLVED,,,,,
15747,15773,2,12. ROUND1657 NEXT START POINT,FOOTYSTATS|FOOTBALL_LAB|DRAW|PBASE_SCORE|OOF_VALIDATION|TICKET_ALLOCATION|DATA_QUALITY|GOVERNANCE,UNRESOLVED,,,,,
15774,15775,2,2026-09-28 — Football LAB semantic v2 / Round1657 cross-league decision,FOOTBALL_LAB|DATA_QUALITY,UNRESOLVED,,,,,
15776,15832,3,Semantic v2 confirmed,FOOTBALL_LAB|DATA_QUALITY|GOVERNANCE,UNRESOLVED,,,,,
15833,15851,3,Round1657 cross-league contract,OTHER,UNRESOLVED,,,,,
15852,15864,3,Existing knowledge audit,FOOTBALL_LAB|GOVERNANCE,UNRESOLVED,,,,,
15865,15885,3,Historical OOF feasibility audit,FOOTBALL_LAB|OOF_VALIDATION|DATA_QUALITY,UNRESOLVED,,,,,
15886,15910,3,Final Round1657 Football LAB decision,FOOTBALL_LAB|PBASE_SCORE|OOF_VALIDATION|DATA_QUALITY|GOVERNANCE,UNRESOLVED,,,,,
15911,15912,2,2026-09-30 — Conversation handoff / post-1657 transition,GOVERNANCE,UNRESOLVED,,,,,
15913,15930,3,Conversation status,DATA_QUALITY|GOVERNANCE,UNRESOLVED,,,,,
15931,15951,3,Pending Round1657 postmortem,PBASE_SCORE|GOVERNANCE,UNRESOLVED,,,,,
15952,15964,3,Next-round transition,AVAILABILITY_CONTEXT,UNRESOLVED,,,,,
15965,16015,3,FootyStats latest status,FOOTYSTATS|PBASE_SCORE|OOF_VALIDATION|GOVERNANCE,UNRESOLVED,,,,,
16016,16069,3,Football LAB semantic v2 final state,FOOTBALL_LAB|DATA_QUALITY|GOVERNANCE,UNRESOLVED,,,,,
16070,16103,3,Football LAB cross-league OOF decision,FOOTBALL_LAB|OOF_VALIDATION|DATA_QUALITY|GOVERNANCE,UNRESOLVED,,,,,
16104,16138,3,totoONE latest status,TOTOONE|PLAYER_XI,UNRESOLVED,,,,,
16139,16166,3,J.League official / availability path,TOTOONE|JLEAGUE|PLAYER_XI|PBASE_SCORE|AVAILABILITY_CONTEXT|GOVERNANCE,UNRESOLVED,,,,,
16167,16187,3,Sportsnavi latest status,DATA_QUALITY,UNRESOLVED,,,,,
16188,16201,3,Soccer Hihyo / サッカー批評Web,GOVERNANCE,UNRESOLVED,,,,,
16202,16215,3,toto official,OTHER,UNRESOLVED,,,,,
16216,16248,3,Production architecture remains,PBASE_SCORE|OOF_VALIDATION|TICKET_ALLOCATION|DATA_QUALITY|GOVERNANCE,UNRESOLVED,,,,,
16249,16267,3,Ticket-construction lessons retained from Round1656,DRAW|TICKET_ALLOCATION,UNRESOLVED,,,,,
16268,16295,3,Immediate next tasks in next conversation,FOOTYSTATS|FOOTBALL_LAB|TOTOONE|JLEAGUE|DRAW|PBASE_SCORE|TICKET_ALLOCATION|AVAILABILITY_CONTEXT|GOVERNANCE,UNRESOLVED,,,,,
16296,16297,1,NEXT RESEARCH ROADMAP — fixed 2026-10-03,DRAW,UNRESOLVED,,,,,
16298,16306,2,0. Operating principle,DRAW|PBASE_SCORE|OOF_VALIDATION|SIMULATION|TICKET_ALLOCATION|DATA_QUALITY|GOVERNANCE,UNRESOLVED,,,,,
16307,16333,2,1. ONE-ACTION ROUND PREPARATION,FOOTYSTATS|FOOTBALL_LAB|TOTOONE|JLEAGUE|PLAYER_XI|AVAILABILITY_CONTEXT|DATA_QUALITY|GOVERNANCE,UNRESOLVED,,,,,
16334,16371,2,2. COMPLETE DATA DICTIONARY,FOOTYSTATS|FOOTBALL_LAB|TOTOONE|DRAW|DATA_QUALITY|GOVERNANCE,UNRESOLVED,,,,,
16372,16373,2,3. PLAYER-BASED 90-MINUTE SIMULATION RESEARCH,PLAYER_XI|SIMULATION,UNRESOLVED,,,,,
16374,16390,3,Objective,TOTOONE|DRAW|PLAYER_XI|SIMULATION|AVAILABILITY_CONTEXT|GOVERNANCE,UNRESOLVED,,,,,
16391,16416,3,Player Utility,FOOTYSTATS|FOOTBALL_LAB|TOTOONE|PLAYER_XI|AVAILABILITY_CONTEXT,UNRESOLVED,,,,,
16417,16436,3,Team layer,FOOTYSTATS|FOOTBALL_LAB|TOTOONE|DATA_QUALITY,UNRESOLVED,,,,,
16437,16455,3,Match Context,PLAYER_XI|AVAILABILITY_CONTEXT|GOVERNANCE,UNRESOLVED,,,,,
16456,16466,3,Simulation scale,OOF_VALIDATION|SIMULATION|GOVERNANCE,UNRESOLVED,,,,,
16467,16481,3,P_base relationship,PBASE_SCORE|OOF_VALIDATION|SIMULATION|GOVERNANCE,UNRESOLVED,,,,,
16482,16530,2,4. DRAW RESEARCH — CORE TOTO LABO PROJECT,DRAW|PLAYER_XI|OOF_VALIDATION|TICKET_ALLOCATION|AVAILABILITY_CONTEXT|DATA_QUALITY|GOVERNANCE,UNRESOLVED,,,,,
16531,16553,2,5. GIT / CHAT HANDOFF REQUIREMENT,GOVERNANCE,UNRESOLVED,,,,,
16554,16567,2,6. NEXT-ROUND RESEARCH ORDER,DRAW|PLAYER_XI|PBASE_SCORE|OOF_VALIDATION|SIMULATION|DATA_QUALITY|GOVERNANCE,UNRESOLVED,,,,,
16568,16569,2,FOOTBALL LAB FULL-DATA ACQUISITION — 2026 60-TEAM SLUG REGISTRY (2026-10-03),FOOTBALL_LAB|DRAW,UNRESOLVED,,,,,
16570,16575,3,Status,FOOTBALL_LAB|GOVERNANCE,UNRESOLVED,,,,,
16576,16608,3,Population / QA,FOOTBALL_LAB|DATA_QUALITY,UNRESOLVED,,,,,
16609,16630,3,J3 slugs,OTHER,UNRESOLVED,,,,,
16631,16638,3,Acquisition architecture implication,FOOTBALL_LAB|SIMULATION|DATA_QUALITY|GOVERNANCE,UNRESOLVED,,,,,
16639,16662,3,Fetch-core requirements already established,FOOTBALL_LAB|PBASE_SCORE|OOF_VALIDATION|DATA_QUALITY|GOVERNANCE,UNRESOLVED,,,,,
16663,16664,1,TOTO LABO GOVERNANCE / 1658→1659→1660 RESEARCH PLAN — 2026-10-04,DRAW|GOVERNANCE,UNRESOLVED,,,,,
16665,16691,2,1. CANONICAL STATE / CHAT HANDOFF,GOVERNANCE,UNRESOLVED,,,,,
16692,16713,2,2. ROUND STRATEGY,FOOTYSTATS|FOOTBALL_LAB|TOTOONE|SIMULATION|DATA_QUALITY,UNRESOLVED,,,,,
16714,16747,2,3. COMPLETE MULTISOURCE DATA-DICTIONARY GOAL,FOOTYSTATS|FOOTBALL_LAB|TOTOONE|DRAW|PLAYER_XI|OOF_VALIDATION|AVAILABILITY_CONTEXT|DATA_QUALITY|GOVERNANCE,UNRESOLVED,,,,,
16748,16763,2,4. PRODUCTION GOVERNANCE,FOOTYSTATS|FOOTBALL_LAB|PLAYER_XI|PBASE_SCORE|OOF_VALIDATION|GOVERNANCE,UNRESOLVED,,,,,
16764,16781,2,5. DRAW PRINCIPLE,DRAW,UNRESOLVED,,,,,
16782,16799,2,6. SIMULATION VALIDATION ORDER,DRAW|PBASE_SCORE|OOF_VALIDATION|SIMULATION,UNRESOLVED,,,,,
16800,16837,2,7. GIT GOVERNANCE,DRAW|SIMULATION|DATA_QUALITY|GOVERNANCE,UNRESOLVED,,,,,
16838,16857,2,8. DOCUMENT GOVERNANCE,DRAW|DATA_QUALITY|GOVERNANCE,UNRESOLVED,,,,,
16858,16875,2,9. NEXT RESEARCH SEQUENCE,FOOTYSTATS|FOOTBALL_LAB|TOTOONE|PLAYER_XI|OOF_VALIDATION|SIMULATION|DATA_QUALITY|GOVERNANCE,UNRESOLVED,,,,,
16876,16890,2,10. CURRENT STOPPING POINT,DATA_QUALITY|GOVERNANCE,UNRESOLVED,,,,,
